,open,close,high,low,volume,money
2013-06-03,3430.0,3483.0,3485.0,3430.0,3917834.0,135524283480.0
2013-06-04,3488.0,3478.0,3494.0,3456.0,2956270.0,102678319200.0
2013-06-05,3479.0,3482.0,3490.0,3463.0,2330462.0,81050238540.0
2013-06-06,3465.0,3421.0,3471.0,3411.0,3189430.0,109544001660.0
2013-06-07,3419.0,3421.0,3425.0,3391.0,2436136.0,83064504800.0
2013-06-13,3391.0,3422.0,3442.0,3386.0,2399476.0,82142009360.0
2013-06-14,3419.0,3424.0,3432.0,3382.0,2815678.0,96056652000.0
2013-06-17,3460.0,3477.0,3508.0,3453.0,3047306.0,106142580960.0
2013-06-18,3483.0,3485.0,3492.0,3472.0,1845984.0,64298839640.0
2013-06-19,3486.0,3526.0,3530.0,3464.0,3455300.0,120868035860.0
2013-06-20,3512.0,3482.0,3515.0,3454.0,3944130.0,137406644100.0
2013-06-21,3450.0,3516.0,3547.0,3431.0,5428592.0,189629346500.0
2013-06-24,3501.0,3450.0,3505.0,3442.0,4130862.0,143278642520.0
2013-06-25,3459.0,3456.0,3466.0,3415.0,3419640.0,117710433380.0
2013-06-26,3456.0,3425.0,3469.0,3418.0,2039478.0,70067420100.0
2013-06-27,3435.0,3471.0,3486.0,3415.0,2095732.0,72511217360.0
2013-06-28,3463.0,3488.0,3502.0,3460.0,1223880.0,42614489160.0
2013-07-01,3481.0,3484.0,3496.0,3465.0,758412.0,26403525720.0
2013-07-02,3500.0,3504.0,3507.0,3486.0,546146.0,19109764760.0
2013-07-03,3508.0,3548.0,3555.0,3500.0,673242.0,23755097820.0
2013-07-04,3621.0,3621.0,3635.0,3599.0,2839812.0,102738651800.0
2013-07-05,3623.0,3621.0,3638.0,3616.0,2329886.0,84481527620.0
2013-07-08,3618.0,3608.0,3623.0,3575.0,3275272.0,117776340140.0
2013-07-09,3612.0,3597.0,3624.0,3587.0,2856884.0,103030428460.0
2013-07-10,3594.0,3638.0,3650.0,3579.0,3901094.0,141011698520.0
2013-07-11,3649.0,3646.0,3700.0,3631.0,4498942.0,164616854000.0
2013-07-12,3646.0,3656.0,3668.0,3637.0,2696638.0,98585141020.0
2013-07-15,3666.0,3661.0,3694.0,3659.0,2989772.0,109895541780.0
2013-07-16,3665.0,3677.0,3683.0,3653.0,2363288.0,86736667620.0
2013-07-17,3681.0,3679.0,3705.0,3675.0,2799256.0,103196549280.0
2013-07-18,3675.0,3680.0,3682.0,3662.0,1863518.0,68425878840.0
2013-07-19,3688.0,3692.0,3712.0,3685.0,2201432.0,81374739880.0
2013-07-22,3694.0,3678.0,3697.0,3661.0,1821040.0,66953614600.0
2013-07-23,3676.0,3688.0,3692.0,3673.0,1597738.0,58887159880.0
2013-07-24,3691.0,3694.0,3708.0,3675.0,2284502.0,84388894520.0
2013-07-25,3687.0,3685.0,3702.0,3683.0,1396490.0,51549721180.0
2013-07-26,3690.0,3669.0,3691.0,3658.0,1479516.0,54327517060.0
2013-07-29,3650.0,3637.0,3653.0,3627.0,1477246.0,53790420740.0
2013-07-30,3640.0,3633.0,3647.0,3630.0,1279040.0,46545170220.0
2013-07-31,3613.0,3644.0,3663.0,3613.0,1869274.0,68070868900.0
2013-08-01,3655.0,3647.0,3660.0,3636.0,1295006.0,47267705680.0
2013-08-02,3651.0,3677.0,3678.0,3651.0,1708558.0,62677350440.0
2013-08-05,3680.0,3685.0,3688.0,3676.0,965688.0,35565954660.0
2013-08-06,3687.0,3691.0,3693.0,3671.0,1206102.0,44420364280.0
2013-08-07,3693.0,3715.0,3720.0,3685.0,1876022.0,69492700220.0
2013-08-08,3725.0,3743.0,3748.0,3721.0,1660164.0,62029119580.0
2013-08-09,3744.0,3755.0,3758.0,3718.0,1876310.0,70164711200.0
2013-08-12,3768.0,3810.0,3812.0,3760.0,2069502.0,78249796160.0
2013-08-13,3819.0,3838.0,3842.0,3804.0,2064072.0,78891687920.0
2013-08-14,3838.0,3819.0,3848.0,3805.0,1789832.0,68516835160.0
2013-08-15,3825.0,3819.0,3833.0,3815.0,1497976.0,57275470360.0
2013-08-16,3823.0,3811.0,3838.0,3802.0,1833066.0,69908552660.0
2013-08-19,3802.0,3812.0,3843.0,3785.0,1892324.0,72181642040.0
2013-08-20,3810.0,3796.0,3828.0,3792.0,1517702.0,57848033480.0
2013-08-21,3796.0,3789.0,3807.0,3786.0,1150250.0,43675183340.0
2013-08-22,3777.0,3769.0,3799.0,3762.0,1747080.0,65999552360.0
2013-08-23,3772.0,3817.0,3820.0,3771.0,2136050.0,81241729480.0
2013-08-26,3827.0,3813.0,3848.0,3802.0,2048358.0,78307239480.0
2013-08-27,3801.0,3818.0,3830.0,3776.0,2137384.0,81280201980.0
2013-08-28,3817.0,3767.0,3835.0,3765.0,2350504.0,89479113960.0
2013-08-29,3768.0,3749.0,3790.0,3727.0,2330452.0,87573853400.0
2013-08-30,3733.0,3753.0,3769.0,3732.0,1441268.0,54108774720.0
2013-09-02,3765.0,3787.0,3797.0,3763.0,1452760.0,54948832580.0
2013-09-03,3793.0,3745.0,3799.0,3741.0,2010496.0,75689046200.0
2013-09-04,3744.0,3737.0,3756.0,3729.0,1309680.0,49022407540.0
2013-09-05,3731.0,3732.0,3748.0,3723.0,1201718.0,44889306120.0
2013-09-06,3729.0,3723.0,3733.0,3705.0,1544364.0,57458340640.0
2013-09-09,3732.0,3752.0,3764.0,3732.0,1343182.0,50395974700.0
2013-09-10,3751.0,3736.0,3755.0,3721.0,1186452.0,44326093000.0
2013-09-11,3731.0,3727.0,3742.0,3716.0,1304284.0,48608133320.0
2013-09-12,3723.0,3713.0,3734.0,3710.0,1060552.0,39451176540.0
2013-09-13,3709.0,3657.0,3710.0,3655.0,1823146.0,67028541220.0
2013-09-16,3661.0,3647.0,3668.0,3628.0,1416362.0,51693242880.0
2013-09-17,3645.0,3647.0,3661.0,3636.0,1199380.0,43741378580.0
2013-09-18,3640.0,3633.0,3643.0,3618.0,1376762.0,49996675000.0
2013-09-23,3629.0,3655.0,3656.0,3612.0,1429956.0,52019514840.0
2013-09-24,3653.0,3627.0,3664.0,3626.0,1224802.0,44618650480.0
2013-09-25,3627.0,3626.0,3637.0,3617.0,1026100.0,37202962460.0
2013-09-26,3625.0,3613.0,3628.0,3605.0,1024020.0,37033470540.0
2013-09-27,3610.0,3576.0,3612.0,3570.0,1164922.0,41782042000.0
2013-09-30,3586.0,3587.0,3598.0,3581.0,648414.0,23269648400.0
2013-10-08,3579.0,3599.0,3600.0,3541.0,1071150.0,38166775520.0
2013-10-09,3594.0,3589.0,3621.0,3580.0,1716768.0,61788177420.0
2013-10-10,3587.0,3597.0,3608.0,3584.0,1022460.0,36770073340.0
2013-10-11,3603.0,3601.0,3621.0,3590.0,1156954.0,41736783560.0
2013-10-14,3602.0,3625.0,3628.0,3598.0,1129852.0,40815799840.0
2013-10-15,3626.0,3606.0,3636.0,3585.0,1206938.0,43617975980.0
2013-10-16,3610.0,3567.0,3612.0,3560.0,1254510.0,44944454540.0
2013-10-17,3577.0,3558.0,3586.0,3557.0,991812.0,35415790280.0
2013-10-18,3563.0,3568.0,3581.0,3539.0,1365830.0,48638568100.0
2013-10-21,3558.0,3570.0,3583.0,3551.0,769944.0,27463748300.0
2013-10-22,3565.0,3557.0,3577.0,3555.0,476304.0,16968673800.0
2013-10-23,3559.0,3537.0,3572.0,3536.0,518390.0,18425907320.0
2013-10-24,3520.0,3519.0,3538.0,3516.0,443932.0,15652984080.0
2013-10-25,3521.0,3486.0,3530.0,3485.0,392180.0,13766126020.0
2013-10-28,3490.0,3485.0,3500.0,3479.0,260978.0,9106086040.0
2013-10-29,3482.0,3494.0,3498.0,3470.0,405792.0,14140686860.0
2013-10-30,3498.0,3521.0,3521.0,3487.0,431352.0,15099257080.0
2013-10-31,3519.0,3506.0,3520.0,3497.0,226800.0,7958592860.0
2013-11-01,3638.0,3671.0,3681.0,3632.0,1771784.0,64940312080.0
2013-11-04,3675.0,3677.0,3685.0,3661.0,1256126.0,46139309260.0
2013-11-05,3682.0,3669.0,3692.0,3654.0,1371586.0,50344970000.0
2013-11-06,3670.0,3642.0,3677.0,3636.0,1492144.0,54539419760.0
2013-11-07,3643.0,3679.0,3688.0,3643.0,1910172.0,70080409260.0
2013-11-08,3680.0,3661.0,3686.0,3658.0,1341632.0,49263582720.0
2013-11-11,3650.0,3668.0,3677.0,3633.0,1523286.0,55692031000.0
2013-11-12,3668.0,3670.0,3681.0,3657.0,1267998.0,46526450560.0
2013-11-13,3660.0,3647.0,3678.0,3647.0,1582304.0,57973001900.0
2013-11-14,3641.0,3620.0,3650.0,3614.0,1902964.0,69074893460.0
2013-11-15,3624.0,3591.0,3636.0,3590.0,1936398.0,69989897020.0
2013-11-18,3596.0,3592.0,3608.0,3583.0,1339696.0,48167663900.0
2013-11-19,3585.0,3624.0,3625.0,3585.0,1689192.0,60890118220.0
2013-11-20,3630.0,3646.0,3651.0,3623.0,1905328.0,69312804040.0
2013-11-21,3644.0,3612.0,3646.0,3607.0,1674888.0,60692343860.0
2013-11-22,3616.0,3614.0,3635.0,3610.0,1222570.0,44274222600.0
2013-11-25,3624.0,3636.0,3642.0,3614.0,1475922.0,53561198140.0
2013-11-26,3640.0,3660.0,3677.0,3636.0,2424668.0,88683066660.0
2013-11-27,3658.0,3650.0,3664.0,3645.0,1382060.0,50504685740.0
2013-11-28,3648.0,3670.0,3682.0,3646.0,1725370.0,63280461400.0
2013-11-29,3674.0,3670.0,3680.0,3662.0,935964.0,34353752600.0
2013-12-02,3671.0,3695.0,3698.0,3670.0,1520018.0,56034064940.0
2013-12-03,3690.0,3709.0,3709.0,3687.0,1341546.0,49609879600.0
2013-12-04,3710.0,3713.0,3727.0,3708.0,1475374.0,54860042220.0
2013-12-05,3716.0,3693.0,3718.0,3692.0,1243242.0,46052270340.0
2013-12-06,3692.0,3702.0,3704.0,3683.0,1151966.0,42519002960.0
2013-12-09,3703.0,3722.0,3726.0,3703.0,1356200.0,50412147760.0
2013-12-10,3726.0,3716.0,3737.0,3708.0,1122538.0,41758022120.0
2013-12-11,3718.0,3735.0,3738.0,3691.0,1933408.0,71846534740.0
2013-12-12,3741.0,3729.0,3745.0,3725.0,1238166.0,46233248900.0
2013-12-13,3728.0,3676.0,3729.0,3661.0,2446196.0,90246309440.0
2013-12-16,3680.0,3671.0,3694.0,3668.0,1300370.0,47852585040.0
2013-12-17,3675.0,3663.0,3689.0,3662.0,1377856.0,50663646360.0
2013-12-18,3663.0,3656.0,3663.0,3644.0,1292080.0,47205712220.0
2013-12-19,3661.0,3652.0,3672.0,3642.0,1024508.0,37469598060.0
2013-12-20,3651.0,3627.0,3665.0,3626.0,1285518.0,46932111920.0
2013-12-23,3616.0,3612.0,3624.0,3603.0,1107832.0,40050836800.0
2013-12-24,3609.0,3628.0,3632.0,3608.0,984078.0,35654741280.0
2013-12-25,3632.0,3603.0,3640.0,3592.0,1342694.0,48497652300.0
2013-12-26,3601.0,3604.0,3610.0,3583.0,1270188.0,45711638120.0
2013-12-27,3603.0,3612.0,3621.0,3596.0,1316292.0,47514976500.0
2013-12-30,3612.0,3573.0,3628.0,3567.0,1487060.0,53571007020.0
2013-12-31,3574.0,3570.0,3592.0,3562.0,1260888.0,45076875420.0
2014-01-02,3562.0,3590.0,3592.0,3562.0,1019050.0,36505085680.0
2014-01-03,3587.0,3540.0,3588.0,3528.0,1260658.0,44759145480.0
2014-01-06,3531.0,3515.0,3540.0,3512.0,1107724.0,39063425840.0
2014-01-07,3517.0,3465.0,3520.0,3462.0,1517508.0,52823986760.0
2014-01-08,3453.0,3469.0,3481.0,3449.0,1222914.0,42358951760.0
2014-01-09,3466.0,3456.0,3488.0,3451.0,1310698.0,45507636540.0
2014-01-10,3452.0,3492.0,3497.0,3441.0,1624786.0,56397543240.0
2014-01-13,3484.0,3462.0,3494.0,3449.0,1229540.0,42655489100.0
2014-01-14,3462.0,3492.0,3496.0,3456.0,1233518.0,42944910260.0
2014-01-15,3488.0,3498.0,3507.0,3481.0,1169568.0,40858736900.0
2014-01-16,3501.0,3481.0,3509.0,3472.0,1286670.0,44906369420.0
2014-01-17,3478.0,3470.0,3478.0,3452.0,974250.0,33741725820.0
2014-01-20,3465.0,3451.0,3478.0,3446.0,1432548.0,49594424460.0
2014-01-21,3441.0,3410.0,3447.0,3408.0,1480214.0,50647502240.0
2014-01-22,3404.0,3424.0,3439.0,3403.0,1420846.0,48601401280.0
2014-01-23,3426.0,3463.0,3465.0,3420.0,1452702.0,49954277200.0
2014-01-24,3453.0,3487.0,3488.0,3444.0,1437284.0,49841985120.0
2014-01-27,3474.0,3472.0,3479.0,3458.0,876126.0,30378755340.0
2014-01-28,3463.0,3431.0,3465.0,3430.0,964522.0,33230164000.0
2014-01-29,3430.0,3443.0,3452.0,3420.0,817008.0,28100418660.0
2014-01-30,3438.0,3455.0,3465.0,3433.0,517506.0,17843554700.0
2014-02-07,3448.0,3411.0,3450.0,3401.0,926746.0,31683162720.0
2014-02-10,3404.0,3421.0,3428.0,3380.0,1560496.0,53137847420.0
2014-02-11,3412.0,3386.0,3427.0,3385.0,1192182.0,40618548340.0
2014-02-12,3383.0,3393.0,3406.0,3382.0,1140402.0,38691541920.0
2014-02-13,3399.0,3395.0,3415.0,3383.0,1091764.0,37100832320.0
2014-02-14,3400.0,3412.0,3417.0,3395.0,967856.0,32984737700.0
2014-02-17,3415.0,3455.0,3459.0,3414.0,1488420.0,51172126480.0
2014-02-18,3453.0,3428.0,3463.0,3422.0,1016036.0,34949770700.0
2014-02-19,3433.0,3436.0,3449.0,3429.0,925548.0,31808546740.0
2014-02-20,3431.0,3394.0,3432.0,3391.0,1089914.0,37106513660.0
2014-02-21,3396.0,3389.0,3403.0,3386.0,798520.0,27097955280.0
2014-02-24,3384.0,3326.0,3387.0,3308.0,1518470.0,50660608580.0
2014-02-25,3325.0,3308.0,3342.0,3295.0,948250.0,31488938240.0
2014-02-26,3301.0,3317.0,3328.0,3299.0,836764.0,27732974080.0
2014-02-27,3320.0,3340.0,3348.0,3310.0,935740.0,31156742280.0
2014-02-28,3339.0,3318.0,3344.0,3298.0,1029944.0,34206761300.0
2014-03-03,3320.0,3324.0,3331.0,3296.0,755248.0,25022954360.0
2014-03-04,3328.0,3310.0,3328.0,3288.0,611756.0,20227003600.0
2014-03-05,3415.0,3423.0,3438.0,3393.0,2003504.0,68431947160.0
2014-03-06,3415.0,3388.0,3419.0,3387.0,1639254.0,55812363760.0
2014-03-07,3385.0,3335.0,3394.0,3322.0,2593584.0,87052824380.0
2014-03-10,3290.0,3221.0,3290.0,3221.0,1547872.0,50234749660.0
2014-03-11,3180.0,3236.0,3260.0,3171.0,2838730.0,91379357680.0
2014-03-12,3186.0,3254.0,3260.0,3141.0,3159628.0,101858590060.0
2014-03-13,3259.0,3284.0,3285.0,3245.0,2265162.0,73971486040.0
2014-03-14,3270.0,3262.0,3276.0,3220.0,2095746.0,68074419680.0
2014-03-17,3270.0,3229.0,3281.0,3227.0,2095964.0,68031170980.0
2014-03-18,3228.0,3240.0,3275.0,3225.0,2215350.0,71997107780.0
2014-03-19,3241.0,3242.0,3260.0,3226.0,2278624.0,73843236200.0
2014-03-20,3266.0,3230.0,3278.0,3230.0,2621828.0,85318757280.0
2014-03-21,3231.0,3220.0,3252.0,3211.0,2690310.0,86891480880.0
2014-03-24,3215.0,3213.0,3224.0,3190.0,2403414.0,77070256440.0
2014-03-25,3214.0,3287.0,3312.0,3210.0,4139074.0,135101879860.0
2014-03-26,3284.0,3275.0,3286.0,3262.0,1924026.0,62941089580.0
2014-03-27,3265.0,3269.0,3295.0,3253.0,2310856.0,75623561340.0
2014-03-28,3271.0,3307.0,3310.0,3269.0,2425214.0,79779254560.0
2014-03-31,3311.0,3328.0,3346.0,3310.0,2564106.0,85295498120.0
2014-04-01,3328.0,3331.0,3336.0,3316.0,1668948.0,55522789220.0
2014-04-02,3345.0,3317.0,3352.0,3316.0,2100082.0,69908649960.0
2014-04-03,3314.0,3336.0,3343.0,3311.0,2085484.0,69416800760.0
2014-04-04,3339.0,3372.0,3377.0,3334.0,2226006.0,74633692500.0
2014-04-08,3388.0,3414.0,3425.0,3383.0,2354892.0,80195780620.0
2014-04-09,3416.0,3384.0,3419.0,3380.0,1868136.0,63571583520.0
2014-04-10,3390.0,3368.0,3405.0,3367.0,2138006.0,72379385640.0
2014-04-11,3373.0,3360.0,3376.0,3353.0,1780520.0,59933136820.0
2014-04-14,3356.0,3360.0,3394.0,3348.0,2492596.0,83986001260.0
2014-04-15,3357.0,3369.0,3369.0,3336.0,2006394.0,67285494060.0
2014-04-16,3359.0,3329.0,3360.0,3323.0,2099342.0,70072381560.0
2014-04-17,3336.0,3324.0,3341.0,3324.0,1542468.0,51386082100.0
2014-04-18,3323.0,3245.0,3323.0,3236.0,3201112.0,104702457500.0
2014-04-21,3252.0,3235.0,3260.0,3235.0,1428492.0,46417386240.0
2014-04-22,3232.0,3244.0,3253.0,3211.0,2154884.0,69662239340.0
2014-04-23,3248.0,3266.0,3268.0,3216.0,2239166.0,72614160000.0
2014-04-24,3267.0,3283.0,3289.0,3262.0,2356824.0,77204676760.0
2014-04-25,3289.0,3276.0,3296.0,3267.0,1564756.0,51314175740.0
2014-04-28,3261.0,3222.0,3267.0,3215.0,1942172.0,62732506760.0
2014-04-29,3221.0,3248.0,3262.0,3220.0,1848226.0,59960969420.0
2014-04-30,3248.0,3227.0,3251.0,3220.0,1441202.0,46578127680.0
2014-05-05,3220.0,3238.0,3245.0,3191.0,1698470.0,54761409360.0
2014-05-06,3236.0,3225.0,3249.0,3217.0,1505276.0,48658251660.0
2014-05-07,3221.0,3195.0,3232.0,3195.0,2484126.0,79910742760.0
2014-05-08,3185.0,3181.0,3203.0,3172.0,2125730.0,67731183760.0
2014-05-09,3182.0,3168.0,3187.0,3158.0,1775258.0,56328871280.0
2014-05-12,3152.0,3193.0,3194.0,3152.0,2050244.0,65150216100.0
2014-05-13,3198.0,3165.0,3202.0,3162.0,1784628.0,56753996420.0
2014-05-14,3166.0,3166.0,3180.0,3161.0,1489994.0,47226804160.0
2014-05-15,3164.0,3131.0,3174.0,3130.0,1974658.0,62242883080.0
2014-05-16,3127.0,3090.0,3130.0,3063.0,2660116.0,82406961720.0
2014-05-19,3081.0,3080.0,3107.0,3072.0,2610682.0,80560341460.0
2014-05-20,3077.0,3068.0,3085.0,3062.0,1942194.0,59719061160.0
2014-05-21,3068.0,3075.0,3087.0,3055.0,2248696.0,69078242080.0
2014-05-22,3072.0,3079.0,3116.0,3072.0,2761430.0,85499848580.0
2014-05-23,3085.0,3081.0,3094.0,3073.0,1680760.0,51827314500.0
2014-05-26,3088.0,3140.0,3147.0,3087.0,2753950.0,86106211660.0
2014-05-27,3140.0,3144.0,3156.0,3127.0,1714528.0,53819158740.0
2014-05-28,3139.0,3116.0,3145.0,3102.0,2123098.0,66253493940.0
2014-05-29,3114.0,3111.0,3126.0,3108.0,1509232.0,47033292100.0
2014-05-30,3106.0,3056.0,3106.0,3047.0,2382866.0,73136907360.0
2014-06-03,3058.0,3057.0,3069.0,3040.0,1874874.0,57237633720.0
2014-06-04,3055.0,3061.0,3069.0,3052.0,1628800.0,49859240540.0
2014-06-05,3065.0,3067.0,3078.0,3034.0,2458340.0,75065310900.0
2014-06-06,3068.0,3079.0,3085.0,3061.0,2035658.0,62531558820.0
2014-06-09,3073.0,3064.0,3085.0,3057.0,1694312.0,51990773840.0
2014-06-10,3069.0,3068.0,3080.0,3043.0,2473368.0,75720404300.0
2014-06-11,3068.0,3046.0,3072.0,3045.0,1734420.0,53039275700.0
2014-06-12,3041.0,3027.0,3048.0,3026.0,1792726.0,54407307480.0
2014-06-13,3018.0,3029.0,3048.0,3015.0,2031862.0,61616504380.0
2014-06-16,3018.0,3001.0,3024.0,3000.0,2032034.0,61230478780.0
2014-06-17,2999.0,3018.0,3025.0,2994.0,2207960.0,66455702800.0
2014-06-18,3020.0,3009.0,3027.0,3005.0,1468542.0,44273209000.0
2014-06-19,3008.0,3009.0,3023.0,3004.0,1592270.0,48000240160.0
2014-06-20,3010.0,3044.0,3046.0,2999.0,2709728.0,81996933180.0
2014-06-23,3041.0,3072.0,3077.0,3041.0,2300392.0,70499374280.0
2014-06-24,3065.0,3064.0,3069.0,3047.0,1704490.0,52120819900.0
2014-06-25,3064.0,3079.0,3086.0,3063.0,1605680.0,49358185880.0
2014-06-26,3085.0,3115.0,3119.0,3082.0,2398494.0,74373918980.0
2014-06-27,3115.0,3088.0,3122.0,3086.0,1650420.0,51269140360.0
2014-06-30,3090.0,3076.0,3091.0,3070.0,1335024.0,41100897280.0
2014-07-01,3082.0,3069.0,3088.0,3062.0,1441298.0,44267258660.0
2014-07-02,3072.0,3097.0,3100.0,3049.0,1760900.0,54203275880.0
2014-07-03,3103.0,3083.0,3115.0,3080.0,845736.0,26186560100.0
2014-07-04,3084.0,3084.0,3098.0,3075.0,688790.0,21246019600.0
2014-07-07,3105.0,3088.0,3115.0,3076.0,2240672.0,69237976280.0
2014-07-08,3091.0,3116.0,3118.0,3078.0,1986526.0,61528057340.0
2014-07-09,3116.0,3095.0,3118.0,3092.0,1700376.0,52777356940.0
2014-07-10,3093.0,3113.0,3136.0,3088.0,2917146.0,91043563440.0
2014-07-11,3115.0,3128.0,3131.0,3109.0,2612894.0,81550108700.0
2014-07-14,3131.0,3146.0,3154.0,3128.0,2366372.0,74398698540.0
2014-07-15,3148.0,3145.0,3155.0,3136.0,1722738.0,54178475840.0
2014-07-16,3145.0,3132.0,3149.0,3132.0,1383160.0,43453021560.0
2014-07-17,3129.0,3121.0,3139.0,3120.0,1637226.0,51236299340.0
2014-07-18,3118.0,3051.0,3119.0,3046.0,2746716.0,84788638720.0
2014-07-21,3064.0,3042.0,3064.0,3041.0,1814832.0,55400059480.0
2014-07-22,3039.0,3045.0,3062.0,3039.0,1790502.0,54619268960.0
2014-07-23,3043.0,3036.0,3048.0,3031.0,1823528.0,55413828940.0
2014-07-24,3031.0,3034.0,3055.0,3028.0,2238246.0,68096916880.0
2014-07-25,3039.0,3048.0,3052.0,3032.0,1784238.0,54279150180.0
2014-07-28,3045.0,3076.0,3081.0,3045.0,2703224.0,82857160280.0
2014-07-29,3085.0,3105.0,3115.0,3076.0,2990810.0,92622805020.0
2014-07-30,3098.0,3072.0,3100.0,3070.0,2289602.0,70510944140.0
2014-07-31,3073.0,3069.0,3084.0,3065.0,1561388.0,47987724680.0
2014-08-01,3062.0,3067.0,3081.0,3051.0,2294988.0,70313260980.0
2014-08-04,3064.0,3106.0,3108.0,3060.0,2945594.0,90848082640.0
2014-08-05,3106.0,3102.0,3123.0,3097.0,2952628.0,91746644440.0
2014-08-06,3094.0,3104.0,3120.0,3091.0,2590882.0,80478969560.0
2014-08-07,3108.0,3100.0,3125.0,3100.0,2228166.0,69422825060.0
2014-08-08,3097.0,3087.0,3106.0,3076.0,2247990.0,69424196700.0
2014-08-11,3085.0,3062.0,3099.0,3062.0,2524660.0,77869642920.0
2014-08-12,3057.0,3063.0,3069.0,3052.0,1791422.0,54843181860.0
2014-08-13,3063.0,3044.0,3072.0,3042.0,2678436.0,81785744900.0
2014-08-14,3041.0,3021.0,3046.0,3020.0,2142998.0,64989368260.0
2014-08-15,3018.0,3031.0,3037.0,3014.0,2373268.0,71783962080.0
2014-08-18,3030.0,3010.0,3036.0,3006.0,2453272.0,74053285460.0
2014-08-19,3009.0,3015.0,3027.0,3003.0,1979616.0,59659002280.0
2014-08-20,3010.0,2990.0,3012.0,2990.0,2240678.0,67246702200.0
2014-08-21,2991.0,2983.0,2995.0,2980.0,1873434.0,55956100140.0
2014-08-22,2980.0,2986.0,3001.0,2979.0,1949942.0,58318511640.0
2014-08-25,2975.0,2974.0,2978.0,2961.0,1933578.0,57424113500.0
2014-08-26,2975.0,2979.0,2990.0,2964.0,1727058.0,51373980140.0
2014-08-27,2983.0,2965.0,2989.0,2964.0,2003836.0,59671906860.0
2014-08-28,2961.0,2937.0,2969.0,2926.0,3218868.0,94887890940.0
2014-08-29,2932.0,2940.0,2947.0,2927.0,1913484.0,56202355700.0
2014-09-01,2943.0,2915.0,2943.0,2914.0,2147522.0,62804412740.0
2014-09-02,2915.0,2910.0,2929.0,2896.0,3632038.0,105736809860.0
2014-09-03,2902.0,2853.0,2905.0,2850.0,3861960.0,111060278960.0
2014-09-04,2854.0,2838.0,2863.0,2837.0,3927914.0,111945282240.0
2014-09-05,2839.0,2834.0,2847.0,2826.0,3371838.0,95662714400.0
2014-09-09,2820.0,2768.0,2830.0,2766.0,4192656.0,117320974920.0
2014-09-10,2760.0,2780.0,2812.0,2725.0,6590504.0,182790345940.0
2014-09-11,2774.0,2757.0,2784.0,2749.0,3729686.0,103103828800.0
2014-09-12,2756.0,2790.0,2791.0,2752.0,3984704.0,110445756760.0
2014-09-15,2812.0,2826.0,2832.0,2801.0,4585390.0,129204480900.0
2014-09-16,2826.0,2788.0,2834.0,2782.0,5159490.0,144688445240.0
2014-09-17,2805.0,2804.0,2814.0,2782.0,4392080.0,122699617940.0
2014-09-18,2796.0,2767.0,2797.0,2766.0,3746742.0,104041948100.0
2014-09-19,2758.0,2714.0,2764.0,2708.0,5731296.0,156432364800.0
2014-09-22,2694.0,2619.0,2696.0,2619.0,5027012.0,133167524080.0
2014-09-23,2610.0,2616.0,2648.0,2591.0,6227118.0,163169656300.0
2014-09-24,2612.0,2616.0,2637.0,2609.0,4575332.0,120087544500.0
2014-09-25,2613.0,2548.0,2622.0,2538.0,7750420.0,200219300140.0
2014-09-26,2544.0,2590.0,2624.0,2538.0,9099322.0,235650223600.0
2014-09-29,2585.0,2529.0,2598.0,2519.0,6766200.0,172047299700.0
2014-09-30,2538.0,2532.0,2562.0,2526.0,3750178.0,95507008180.0
2014-10-08,2555.0,2513.0,2570.0,2507.0,4365294.0,110549271620.0
2014-10-09,2513.0,2550.0,2565.0,2510.0,4927310.0,124950616180.0
2014-10-10,2543.0,2575.0,2597.0,2531.0,5180206.0,132729676720.0
2014-10-13,2606.0,2663.0,2664.0,2600.0,5580374.0,147511054300.0
2014-10-14,2662.0,2649.0,2671.0,2631.0,3412412.0,90225177460.0
2014-10-15,2654.0,2654.0,2674.0,2634.0,3637952.0,96507686180.0
2014-10-16,2635.0,2655.0,2683.0,2603.0,4556070.0,120411837980.0
2014-10-17,2656.0,2646.0,2674.0,2632.0,2264754.0,59990318580.0
2014-10-20,2648.0,2669.0,2673.0,2638.0,1831026.0,48690596260.0
2014-10-21,2611.0,2597.0,2623.0,2596.0,3350458.0,87469787780.0
2014-10-22,2599.0,2547.0,2602.0,2537.0,5402296.0,138477179540.0
2014-10-23,2541.0,2533.0,2560.0,2523.0,5723920.0,145305396920.0
2014-10-24,2533.0,2554.0,2558.0,2527.0,4631784.0,117731966300.0
2014-10-27,2557.0,2549.0,2566.0,2541.0,3682354.0,93923381480.0
2014-10-28,2544.0,2548.0,2559.0,2530.0,4006168.0,101987341660.0
2014-10-29,2548.0,2589.0,2590.0,2542.0,5199588.0,133287974240.0
2014-10-30,2591.0,2590.0,2620.0,2580.0,6061352.0,157329195420.0
2014-10-31,2589.0,2565.0,2595.0,2563.0,5027740.0,129591181720.0
2014-11-03,2560.0,2542.0,2583.0,2541.0,5634362.0,144395500280.0
2014-11-04,2535.0,2558.0,2570.0,2529.0,5819806.0,148444994120.0
2014-11-05,2554.0,2513.0,2567.0,2512.0,6212778.0,158183102960.0
2014-11-06,2522.0,2526.0,2537.0,2512.0,5593508.0,141290882800.0
2014-11-07,2527.0,2536.0,2550.0,2506.0,6886784.0,174254488400.0
2014-11-10,2559.0,2557.0,2575.0,2548.0,6817834.0,174544362400.0
2014-11-11,2555.0,2552.0,2562.0,2537.0,4467210.0,113955630280.0
2014-11-12,2560.0,2554.0,2568.0,2542.0,5140482.0,131345709580.0
2014-11-13,2549.0,2520.0,2550.0,2518.0,4548416.0,115156611420.0
2014-11-14,2515.0,2524.0,2535.0,2514.0,3606306.0,91007670260.0
2014-11-17,2529.0,2514.0,2535.0,2507.0,4282336.0,107881073140.0
2014-11-18,2508.0,2442.0,2509.0,2431.0,7893790.0,194372575600.0
2014-11-19,2441.0,2446.0,2461.0,2433.0,5697686.0,139361450600.0
2014-11-20,2447.0,2439.0,2459.0,2437.0,4135288.0,101201389080.0
2014-11-21,2423.0,2448.0,2459.0,2417.0,6265558.0,152630495420.0
2014-11-24,2471.0,2437.0,2479.0,2436.0,5317852.0,130646160100.0
2014-11-25,2435.0,2450.0,2452.0,2424.0,5293080.0,128977312900.0
2014-11-26,2442.0,2448.0,2455.0,2431.0,4756278.0,116151642660.0
2014-11-27,2457.0,2539.0,2539.0,2453.0,8196212.0,203962550840.0
2014-11-28,2522.0,2548.0,2575.0,2516.0,7732948.0,196577054840.0
2014-12-01,2529.0,2521.0,2546.0,2505.0,6595664.0,166549375780.0
2014-12-02,2548.0,2503.0,2556.0,2482.0,6316698.0,159202109280.0
2014-12-03,2499.0,2532.0,2539.0,2492.0,6837216.0,172221828220.0
2014-12-04,2534.0,2567.0,2593.0,2532.0,7936068.0,203466957300.0
2014-12-05,2569.0,2560.0,2576.0,2549.0,4642740.0,118968700680.0
2014-12-08,2565.0,2542.0,2591.0,2540.0,5658862.0,145571129920.0
2014-12-09,2535.0,2557.0,2557.0,2505.0,6535982.0,165336954360.0
2014-12-10,2558.0,2563.0,2572.0,2537.0,6050896.0,154687943160.0
2014-12-11,2558.0,2566.0,2603.0,2551.0,6475540.0,166767002300.0
2014-12-12,2566.0,2585.0,2591.0,2563.0,5607560.0,144572718820.0
2014-12-15,2590.0,2570.0,2596.0,2570.0,3293514.0,85046107080.0
2014-12-16,2555.0,2548.0,2557.0,2529.0,4504078.0,114621605680.0
2014-12-17,2536.0,2540.0,2549.0,2531.0,3543628.0,90036254640.0
2014-12-18,2545.0,2546.0,2554.0,2519.0,4590180.0,116523948160.0
2014-12-19,2550.0,2567.0,2571.0,2545.0,3740938.0,95764109660.0
2014-12-22,2560.0,2513.0,2564.0,2502.0,5049920.0,127745823180.0
2014-12-23,2497.0,2467.0,2497.0,2463.0,4548628.0,112682480700.0
2014-12-24,2466.0,2496.0,2503.0,2461.0,3938452.0,97828642000.0
2014-12-25,2494.0,2482.0,2497.0,2476.0,2427210.0,60294395380.0
2014-12-26,2483.0,2480.0,2488.0,2473.0,1877152.0,46580319160.0
2014-12-29,2476.0,2519.0,2524.0,2466.0,3040750.0,76281390580.0
2014-12-30,2519.0,2608.0,2608.0,2512.0,6385038.0,164921067320.0
2014-12-31,2618.0,2594.0,2626.0,2575.0,4148900.0,107618356040.0
2015-01-05,2550.0,2560.0,2570.0,2540.0,2891694.0,73922011760.0
2015-01-06,2551.0,2619.0,2647.0,2548.0,7434538.0,194247866500.0
2015-01-07,2615.0,2585.0,2615.0,2568.0,4317868.0,111685859960.0
2015-01-08,2585.0,2579.0,2603.0,2563.0,3696668.0,95402286820.0
2015-01-09,2584.0,2557.0,2588.0,2546.0,3561070.0,91311306040.0
2015-01-12,2557.0,2502.0,2585.0,2501.0,5204600.0,132085175440.0
2015-01-13,2498.0,2511.0,2514.0,2483.0,3337222.0,83562973200.0
2015-01-14,2499.0,2487.0,2520.0,2456.0,5060470.0,125887736020.0
2015-01-15,2483.0,2519.0,2524.0,2472.0,4426394.0,110477467960.0
2015-01-16,2519.0,2510.0,2532.0,2497.0,3898388.0,97954262580.0
2015-01-19,2499.0,2516.0,2526.0,2470.0,5840042.0,146082226260.0
2015-01-20,2512.0,2488.0,2528.0,2486.0,3804648.0,95206758280.0
2015-01-21,2485.0,2472.0,2513.0,2470.0,4067256.0,101412927640.0
2015-01-22,2461.0,2479.0,2491.0,2460.0,3426746.0,85022860460.0
2015-01-23,2478.0,2484.0,2496.0,2471.0,3686640.0,91562031780.0
2015-01-26,2482.0,2450.0,2486.0,2441.0,4693054.0,115543693800.0
2015-01-27,2454.0,2455.0,2467.0,2449.0,2345892.0,57648065960.0
2015-01-28,2463.0,2474.0,2475.0,2454.0,2453880.0,60490756420.0
2015-01-29,2472.0,2507.0,2513.0,2470.0,3767108.0,94026849940.0
2015-01-30,2514.0,2498.0,2514.0,2491.0,2275316.0,56903093140.0
2015-02-02,2503.0,2492.0,2526.0,2486.0,2749940.0,68664107500.0
2015-02-03,2496.0,2474.0,2504.0,2473.0,2576944.0,64123539080.0
2015-02-04,2480.0,2467.0,2512.0,2466.0,2889450.0,71779629140.0
2015-02-05,2480.0,2472.0,2492.0,2472.0,1784504.0,44261053040.0
2015-02-06,2476.0,2496.0,2497.0,2475.0,1633356.0,40628759220.0
2015-02-09,2495.0,2478.0,2509.0,2465.0,1506170.0,37362338380.0
2015-02-10,2477.0,2489.0,2495.0,2476.0,826546.0,20554186700.0
2015-02-11,2492.0,2490.0,2495.0,2480.0,605922.0,15060390360.0
2015-02-12,2490.0,2489.0,2495.0,2474.0,691294.0,17169319200.0
2015-02-13,2488.0,2514.0,2520.0,2487.0,1430356.0,35844818100.0
2015-02-16,2514.0,2524.0,2549.0,2509.0,1218768.0,30860251860.0
2015-02-17,2524.0,2521.0,2530.0,2504.0,804402.0,20234513940.0
2015-02-25,2513.0,2483.0,2514.0,2475.0,890868.0,22174660480.0
2015-02-26,2486.0,2505.0,2509.0,2485.0,863160.0,21547594740.0
2015-02-27,2510.0,2464.0,2510.0,2462.0,1378260.0,34286900460.0
2015-03-02,2462.0,2472.0,2483.0,2426.0,2769934.0,68041340640.0
2015-03-03,2466.0,2468.0,2482.0,2452.0,1199714.0,29596432760.0
2015-03-04,2464.0,2464.0,2470.0,2454.0,693690.0,17077937820.0
2015-03-05,2466.0,2447.0,2467.0,2428.0,1213754.0,29660390240.0
2015-03-06,2445.0,2418.0,2448.0,2416.0,585192.0,14239627060.0
2015-03-09,2417.0,2400.0,2431.0,2385.0,1240642.0,29857258920.0
2015-03-10,2483.0,2453.0,2493.0,2449.0,2391878.0,59122555020.0
2015-03-11,2451.0,2471.0,2478.0,2449.0,2204398.0,54337607940.0
2015-03-12,2474.0,2496.0,2507.0,2464.0,2646136.0,65813050680.0
2015-03-13,2505.0,2493.0,2516.0,2485.0,2484292.0,62122869860.0
2015-03-16,2491.0,2520.0,2524.0,2480.0,2887758.0,72280650080.0
2015-03-17,2520.0,2512.0,2524.0,2505.0,2039234.0,51279798700.0
2015-03-18,2511.0,2483.0,2522.0,2473.0,4334196.0,108281331940.0
2015-03-19,2480.0,2482.0,2502.0,2474.0,2041408.0,50763079920.0
2015-03-20,2482.0,2481.0,2498.0,2477.0,1774980.0,44152841400.0
2015-03-23,2483.0,2548.0,2549.0,2471.0,4785718.0,120584880080.0
2015-03-24,2550.0,2542.0,2574.0,2538.0,4221476.0,107741894400.0
2015-03-25,2538.0,2507.0,2547.0,2505.0,3109514.0,78562983560.0
2015-03-26,2502.0,2491.0,2514.0,2488.0,2949506.0,73759386560.0
2015-03-27,2495.0,2477.0,2495.0,2407.0,6043130.0,148390735420.0
2015-03-30,2472.0,2451.0,2498.0,2450.0,4261190.0,105228397160.0
2015-03-31,2471.0,2431.0,2477.0,2414.0,5247554.0,128315353780.0
2015-04-01,2423.0,2390.0,2428.0,2381.0,5869210.0,141222111060.0
2015-04-02,2377.0,2342.0,2399.0,2339.0,7905188.0,187176463060.0
2015-04-03,2343.0,2341.0,2374.0,2336.0,6098706.0,143524671100.0
2015-04-07,2330.0,2311.0,2343.0,2309.0,4374424.0,101673618740.0
2015-04-08,2306.0,2324.0,2335.0,2284.0,7162492.0,165368449600.0
2015-04-09,2323.0,2290.0,2326.0,2287.0,4823818.0,111066399400.0
2015-04-10,2291.0,2266.0,2298.0,2266.0,4749620.0,108333245500.0
2015-04-13,2263.0,2329.0,2334.0,2262.0,8377910.0,192098546360.0
2015-04-14,2335.0,2324.0,2341.0,2302.0,7287328.0,169145774000.0
2015-04-15,2327.0,2297.0,2331.0,2294.0,4532636.0,104967760700.0
2015-04-16,2296.0,2318.0,2329.0,2291.0,5042842.0,116639763540.0
2015-04-17,2317.0,2311.0,2335.0,2309.0,4649630.0,107841922680.0
2015-04-20,2305.0,2279.0,2314.0,2278.0,6266020.0,143937447640.0
2015-04-21,2277.0,2281.0,2291.0,2270.0,4252402.0,96978662180.0
2015-04-22,2282.0,2327.0,2334.0,2282.0,6974766.0,161037298680.0
2015-04-23,2328.0,2323.0,2332.0,2306.0,5507632.0,127903724140.0
2015-04-24,2325.0,2378.0,2388.0,2324.0,9322642.0,220527134360.0
2015-04-27,2384.0,2408.0,2413.0,2366.0,8738302.0,208845379260.0
2015-04-28,2417.0,2398.0,2430.0,2384.0,5879950.0,141517988960.0
2015-04-29,2398.0,2340.0,2412.0,2331.0,7285772.0,172945301620.0
2015-04-30,2346.0,2365.0,2377.0,2341.0,5412820.0,127793281900.0
2015-05-04,2383.0,2413.0,2421.0,2371.0,4834698.0,116043846680.0
2015-05-05,2414.0,2428.0,2442.0,2399.0,7536936.0,182480709160.0
2015-05-06,2430.0,2430.0,2447.0,2418.0,6223092.0,151304164680.0
2015-05-07,2433.0,2407.0,2437.0,2401.0,4835314.0,116765755980.0
2015-05-08,2410.0,2412.0,2420.0,2386.0,5401672.0,129882030380.0
2015-05-11,2417.0,2421.0,2434.0,2407.0,4298216.0,103991156500.0
2015-05-12,2420.0,2391.0,2427.0,2389.0,3813042.0,91651816560.0
2015-05-13,2395.0,2383.0,2407.0,2376.0,3721250.0,88979095760.0
2015-05-14,2384.0,2363.0,2390.0,2342.0,5247184.0,124024855640.0
2015-05-15,2360.0,2372.0,2373.0,2351.0,2802208.0,66180892540.0
2015-05-18,2372.0,2349.0,2374.0,2348.0,2535766.0,59878413560.0
2015-05-19,2342.0,2342.0,2355.0,2338.0,2609006.0,61208355700.0
2015-05-20,2337.0,2314.0,2342.0,2302.0,3605960.0,83682566380.0
2015-05-21,2314.0,2344.0,2353.0,2313.0,3321110.0,77474719740.0
2015-05-22,2346.0,2351.0,2359.0,2326.0,3699272.0,86641101400.0
2015-05-25,2348.0,2347.0,2350.0,2327.0,3046606.0,71295737880.0
2015-05-26,2348.0,2351.0,2378.0,2346.0,4809814.0,113745891180.0
2015-05-27,2350.0,2355.0,2364.0,2342.0,2552564.0,60113048740.0
2015-05-28,2355.0,2355.0,2373.0,2342.0,3100416.0,73164040460.0
2015-05-29,2355.0,2359.0,2365.0,2335.0,3197716.0,75145518900.0
2015-06-01,2356.0,2372.0,2386.0,2347.0,4129768.0,97670626320.0
2015-06-02,2375.0,2375.0,2379.0,2363.0,2592372.0,61479828640.0
2015-06-03,2378.0,2349.0,2379.0,2348.0,2404222.0,56813835660.0
2015-06-04,2347.0,2356.0,2359.0,2336.0,3077860.0,72236175040.0
2015-06-05,2356.0,2341.0,2365.0,2325.0,2524844.0,59130581460.0
2015-06-08,2338.0,2334.0,2341.0,2327.0,1898566.0,44311805620.0
2015-06-09,2330.0,2337.0,2356.0,2328.0,2066772.0,48451188320.0
2015-06-10,2338.0,2336.0,2348.0,2327.0,2709874.0,63424749880.0
2015-06-11,2344.0,2355.0,2359.0,2340.0,3117692.0,73248112800.0
2015-06-12,2348.0,2299.0,2351.0,2296.0,3983034.0,92467061600.0
2015-06-15,2298.0,2281.0,2314.0,2276.0,3325350.0,76273703040.0
2015-06-16,2273.0,2243.0,2288.0,2238.0,3921078.0,88862170160.0
2015-06-17,2240.0,2223.0,2249.0,2218.0,4536168.0,101215583180.0
2015-06-18,2226.0,2245.0,2252.0,2222.0,3378246.0,75628879360.0
2015-06-19,2245.0,2246.0,2267.0,2244.0,3010142.0,67781764340.0
2015-06-23,2240.0,2239.0,2242.0,2226.0,2102086.0,46974258300.0
2015-06-24,2239.0,2241.0,2247.0,2230.0,2497894.0,55939584920.0
2015-06-25,2242.0,2218.0,2246.0,2215.0,2870778.0,63949924960.0
2015-06-26,2217.0,2213.0,2237.0,2203.0,3994394.0,88750704860.0
2015-06-29,2215.0,2181.0,2226.0,2178.0,3658666.0,80722546960.0
2015-06-30,2180.0,2135.0,2180.0,2095.0,7807732.0,166439515080.0
2015-07-01,2135.0,2124.0,2140.0,2117.0,3659918.0,77957049600.0
2015-07-02,2120.0,2124.0,2139.0,2089.0,4505638.0,95271862440.0
2015-07-03,2116.0,2121.0,2155.0,2114.0,3551970.0,75806157380.0
2015-07-06,2116.0,2027.0,2119.0,2027.0,3390786.0,70050503020.0
2015-07-07,2003.0,1957.0,2028.0,1948.0,7005452.0,139541295240.0
2015-07-08,1965.0,1891.0,2005.0,1891.0,9237660.0,179161627380.0
2015-07-09,1905.0,2004.0,2035.0,1893.0,7051156.0,139323486200.0
2015-07-10,2020.0,2007.0,2068.0,2007.0,4587426.0,93303346440.0
2015-07-13,2002.0,2008.0,2032.0,1992.0,2661184.0,53587797940.0
2015-07-14,2018.0,2007.0,2033.0,1999.0,1806312.0,36467771560.0
2015-07-15,2006.0,1990.0,2016.0,1983.0,1765154.0,35266793960.0
2015-07-16,1990.0,2005.0,2021.0,1956.0,2515104.0,49907213380.0
2015-07-17,2008.0,2006.0,2015.0,1988.0,1423034.0,28485151020.0
2015-07-20,1999.0,2073.0,2078.0,1989.0,2148588.0,43969809620.0
2015-07-21,2104.0,2081.0,2125.0,2079.0,4278448.0,89920862580.0
2015-07-22,2074.0,2031.0,2085.0,2010.0,4843262.0,99453691460.0
2015-07-23,2031.0,2050.0,2062.0,2017.0,4318224.0,88020012780.0
2015-07-24,2050.0,2044.0,2064.0,2034.0,4132504.0,84673266860.0
2015-07-27,2048.0,2074.0,2099.0,2046.0,5905974.0,122612666320.0
2015-07-28,2072.0,2072.0,2102.0,2052.0,5570278.0,115545451380.0
2015-07-29,2076.0,2110.0,2118.0,2075.0,5789134.0,121463809560.0
2015-07-30,2108.0,2085.0,2116.0,2081.0,4844012.0,101618687700.0
2015-07-31,2082.0,2095.0,2107.0,2077.0,4215404.0,88227453620.0
2015-08-03,2095.0,2078.0,2132.0,2073.0,6307800.0,132444813360.0
2015-08-04,2083.0,2097.0,2102.0,2068.0,3837588.0,80050933740.0
2015-08-05,2096.0,2098.0,2107.0,2082.0,3994900.0,83617928560.0
2015-08-06,2099.0,2076.0,2102.0,2066.0,3884330.0,80851620260.0
2015-08-07,2071.0,2063.0,2079.0,2043.0,4472546.0,92181501540.0
2015-08-10,2057.0,2045.0,2067.0,2038.0,3523152.0,72228801200.0
2015-08-11,2044.0,2053.0,2074.0,2043.0,4898544.0,100985767180.0
2015-08-12,2049.0,2071.0,2073.0,2043.0,3829656.0,78960701800.0
2015-08-13,2080.0,2092.0,2103.0,2076.0,5340620.0,111606578240.0
2015-08-14,2089.0,2085.0,2093.0,2081.0,2412166.0,50316510720.0
2015-08-17,2089.0,2059.0,2095.0,2058.0,3325562.0,68998446140.0
2015-08-18,2055.0,2049.0,2068.0,2047.0,2590430.0,53333209420.0
2015-08-19,2049.0,2044.0,2053.0,2024.0,4059872.0,82732137460.0
2015-08-20,2042.0,2028.0,2048.0,2020.0,3291744.0,66951041480.0
2015-08-21,2034.0,2024.0,2040.0,2023.0,2737948.0,55636815060.0
2015-08-24,2021.0,1934.0,2026.0,1930.0,6300192.0,124075760440.0
2015-08-25,1936.0,1933.0,1965.0,1917.0,6832422.0,132674860420.0
2015-08-26,1961.0,1937.0,1975.0,1936.0,4417540.0,86310507920.0
2015-08-27,1935.0,1969.0,1985.0,1931.0,4210674.0,82479352360.0
2015-08-28,1970.0,1976.0,2004.0,1965.0,6597234.0,130712483820.0
2015-08-31,1972.0,1952.0,1977.0,1945.0,5809012.0,113897049540.0
2015-09-01,1955.0,1963.0,1970.0,1946.0,4473344.0,87596258880.0
2015-09-02,1960.0,1955.0,1967.0,1949.0,2561494.0,50138850800.0
2015-09-07,1954.0,1920.0,1955.0,1839.0,4094518.0,78821699180.0
2015-09-08,1920.0,1949.0,1949.0,1916.0,3649914.0,70409462900.0
2015-09-09,1952.0,1948.0,1979.0,1946.0,7883726.0,154800677220.0
2015-09-10,1950.0,1956.0,1967.0,1939.0,4779406.0,93350105360.0
2015-09-11,1957.0,1946.0,1969.0,1946.0,5041194.0,98647007200.0
2015-09-14,1944.0,1929.0,1948.0,1926.0,4065166.0,78679243520.0
2015-09-15,1925.0,1909.0,1934.0,1907.0,3253090.0,62573971200.0
2015-09-16,1910.0,1934.0,1941.0,1910.0,3964030.0,76378823900.0
2015-09-17,1933.0,1926.0,1950.0,1925.0,4414424.0,85455160540.0
2015-09-18,1928.0,1922.0,1935.0,1918.0,3226308.0,62138894660.0
2015-09-21,1920.0,1904.0,1925.0,1894.0,3814342.0,72783254620.0
2015-09-22,1908.0,1891.0,1913.0,1884.0,3174160.0,60159444100.0
2015-09-23,1887.0,1902.0,1905.0,1877.0,3580716.0,67727138680.0
2015-09-24,1905.0,1893.0,1906.0,1888.0,1747832.0,33121766980.0
2015-09-25,1892.0,1891.0,1910.0,1885.0,2794220.0,53035068980.0
2015-09-28,1885.0,1859.0,1885.0,1855.0,2271328.0,42500117940.0
2015-09-29,1852.0,1833.0,1858.0,1828.0,3299438.0,60709388040.0
2015-09-30,1837.0,1821.0,1838.0,1815.0,2494804.0,45561487040.0
2015-10-08,1837.0,1826.0,1851.0,1818.0,2553402.0,46807710920.0
2015-10-09,1826.0,1852.0,1864.0,1821.0,3479500.0,64196674620.0
2015-10-12,1857.0,1847.0,1868.0,1836.0,3981900.0,73830229160.0
2015-10-13,1848.0,1838.0,1852.0,1820.0,3089416.0,56595596560.0
2015-10-14,1836.0,1830.0,1843.0,1826.0,2522922.0,46252502820.0
2015-10-15,1831.0,1834.0,1844.0,1826.0,2109524.0,38720182760.0
2015-10-16,1834.0,1830.0,1836.0,1820.0,2483140.0,45410713260.0
2015-10-19,1829.0,1807.0,1841.0,1800.0,3243418.0,59070977780.0
2015-10-20,1806.0,1801.0,1815.0,1795.0,2261400.0,40811380880.0
2015-10-21,1800.0,1804.0,1811.0,1788.0,4048260.0,72877655800.0
2015-10-22,1804.0,1805.0,1818.0,1801.0,2373494.0,42921333940.0
2015-10-23,1805.0,1801.0,1809.0,1781.0,2247608.0,40377142560.0
2015-10-26,1803.0,1801.0,1808.0,1793.0,2065598.0,37202407740.0
2015-10-27,1800.0,1804.0,1818.0,1798.0,2068660.0,37368955820.0
2015-10-28,1802.0,1792.0,1804.0,1784.0,1783290.0,31969351340.0
2015-10-29,1790.0,1795.0,1801.0,1783.0,1251140.0,22438794900.0
2015-10-30,1796.0,1782.0,1797.0,1779.0,1280842.0,22894569020.0
2015-11-02,1782.0,1787.0,1796.0,1779.0,998326.0,17851212220.0
2015-11-03,1785.0,1779.0,1789.0,1773.0,1032118.0,18367909480.0
2015-11-04,1779.0,1779.0,1783.0,1774.0,663022.0,11790889780.0
2015-11-05,1781.0,1776.0,1788.0,1768.0,1524966.0,27138644240.0
2015-11-06,1777.0,1794.0,1808.0,1775.0,2568118.0,45912848560.0
2015-11-09,1791.0,1805.0,1808.0,1788.0,1957650.0,35237509820.0
2015-11-10,1806.0,1797.0,1811.0,1790.0,1808924.0,32535531740.0
2015-11-11,1795.0,1777.0,1796.0,1775.0,1753724.0,31314439440.0
2015-11-12,1780.0,1765.0,1780.0,1760.0,2324048.0,41081173160.0
2015-11-13,1764.0,1759.0,1768.0,1758.0,1946790.0,34297820280.0
2015-11-16,1759.0,1753.0,1768.0,1752.0,1964378.0,34541530500.0
2015-11-17,1753.0,1752.0,1758.0,1748.0,1586652.0,27813527900.0
2015-11-18,1752.0,1736.0,1753.0,1731.0,2100464.0,36554343700.0
2015-11-19,1736.0,1705.0,1737.0,1692.0,4542824.0,77681367000.0
2015-11-20,1704.0,1695.0,1712.0,1693.0,2733446.0,46549427100.0
2015-11-23,1695.0,1659.0,1695.0,1649.0,4414044.0,73752979800.0
2015-11-24,1660.0,1667.0,1673.0,1652.0,3414958.0,56811567420.0
2015-11-25,1666.0,1676.0,1729.0,1659.0,6173106.0,103488520980.0
2015-11-26,1673.0,1680.0,1722.0,1666.0,8211592.0,138862934620.0
2015-11-27,1680.0,1656.0,1685.0,1654.0,4213766.0,70300151820.0
2015-11-30,1652.0,1626.0,1660.0,1621.0,4700388.0,76968372940.0
2015-12-01,1628.0,1633.0,1642.0,1618.0,4285306.0,69851267480.0
2015-12-02,1630.0,1659.0,1673.0,1626.0,7473778.0,123863588120.0
2015-12-03,1657.0,1635.0,1667.0,1632.0,4289644.0,70739374480.0
2015-12-04,1635.0,1650.0,1657.0,1630.0,5652644.0,92904815980.0
2015-12-07,1652.0,1670.0,1676.0,1643.0,5045348.0,83844733420.0
2015-12-08,1668.0,1654.0,1669.0,1645.0,4044250.0,66936004640.0
2015-12-09,1651.0,1656.0,1667.0,1649.0,3471394.0,57570997660.0
2015-12-10,1656.0,1648.0,1663.0,1643.0,3004688.0,49647700420.0
2015-12-11,1646.0,1658.0,1662.0,1640.0,2855298.0,47161908540.0
2015-12-14,1659.0,1665.0,1670.0,1648.0,3573916.0,59316313560.0
2015-12-15,1661.0,1657.0,1686.0,1656.0,5315278.0,88813193160.0
2015-12-16,1656.0,1673.0,1674.0,1655.0,2142674.0,35652499060.0
2015-12-17,1673.0,1677.0,1694.0,1673.0,5940106.0,100011325660.0
2015-12-18,1676.0,1712.0,1714.0,1676.0,4566394.0,77465088120.0
2015-12-21,1719.0,1749.0,1757.0,1712.0,9698548.0,168513642580.0
2015-12-22,1749.0,1731.0,1764.0,1719.0,8147652.0,141723930060.0
2015-12-23,1728.0,1717.0,1731.0,1707.0,5630160.0,96760896800.0
2015-12-24,1717.0,1724.0,1741.0,1715.0,6194022.0,107020449660.0
2015-12-25,1722.0,1737.0,1738.0,1720.0,2885082.0,49906815880.0
2015-12-28,1737.0,1741.0,1746.0,1720.0,4514858.0,78255174860.0
2015-12-29,1740.0,1780.0,1790.0,1739.0,8060928.0,142277899700.0
2015-12-30,1779.0,1780.0,1806.0,1771.0,7988626.0,142821930240.0
2015-12-31,1782.0,1784.0,1804.0,1776.0,5863506.0,104956462360.0
2016-01-04,1821.0,1777.0,1846.0,1773.0,6700936.0,120440959140.0
2016-01-05,1779.0,1789.0,1789.0,1761.0,6413148.0,114049760920.0
2016-01-06,1787.0,1775.0,1790.0,1769.0,4603662.0,81806710220.0
2016-01-07,1770.0,1773.0,1786.0,1766.0,4652628.0,82643833680.0
2016-01-08,1769.0,1759.0,1775.0,1747.0,6658038.0,117297458320.0
2016-01-11,1757.0,1758.0,1772.0,1748.0,5081394.0,89543130840.0
2016-01-12,1759.0,1741.0,1765.0,1739.0,5333022.0,93329044600.0
2016-01-13,1741.0,1740.0,1752.0,1735.0,3591540.0,62610610120.0
2016-01-14,1742.0,1758.0,1759.0,1732.0,4110300.0,71738640300.0
2016-01-15,1758.0,1778.0,1787.0,1754.0,6649864.0,117990773760.0
2016-01-18,1777.0,1827.0,1832.0,1770.0,9156242.0,165531622720.0
2016-01-19,1825.0,1839.0,1841.0,1817.0,6967734.0,127339110840.0
2016-01-20,1838.0,1818.0,1842.0,1813.0,6237726.0,113939798880.0
2016-01-21,1815.0,1808.0,1824.0,1805.0,5493208.0,99630306120.0
2016-01-22,1810.0,1823.0,1856.0,1807.0,7687002.0,140657860600.0
2016-01-25,1828.0,1840.0,1856.0,1823.0,7650122.0,140845400060.0
2016-01-26,1840.0,1845.0,1848.0,1832.0,4321346.0,79545731520.0
2016-01-27,1850.0,1863.0,1871.0,1840.0,7017400.0,130401625080.0
2016-01-28,1861.0,1815.0,1862.0,1810.0,7189268.0,132405884160.0
2016-01-29,1813.0,1814.0,1827.0,1805.0,5938474.0,107818135840.0
2016-02-01,1816.0,1819.0,1845.0,1815.0,5697330.0,104321760580.0
2016-02-02,1820.0,1815.0,1824.0,1801.0,4090540.0,74126895440.0
2016-02-03,1820.0,1826.0,1830.0,1807.0,3099622.0,56401649520.0
2016-02-04,1826.0,1851.0,1855.0,1825.0,3515826.0,64779216900.0
2016-02-05,1853.0,1843.0,1862.0,1826.0,2790060.0,51393243040.0
2016-02-15,1835.0,1872.0,1880.0,1833.0,2680436.0,49877121640.0
2016-02-16,1872.0,1865.0,1880.0,1861.0,2707824.0,50666601040.0
2016-02-17,1866.0,1861.0,1876.0,1855.0,3197078.0,59613724340.0
2016-02-18,1864.0,1870.0,1871.0,1855.0,2833084.0,52750855680.0
2016-02-19,1872.0,1897.0,1899.0,1864.0,4259322.0,80127386380.0
2016-02-22,1897.0,1962.0,1968.0,1892.0,6568536.0,127058530160.0
2016-02-23,1957.0,1926.0,1965.0,1921.0,5118530.0,99351128540.0
2016-02-24,1922.0,1929.0,1937.0,1916.0,3504668.0,67523367600.0
2016-02-25,1929.0,1928.0,1961.0,1924.0,4325944.0,83998875200.0
2016-02-26,1932.0,1922.0,1939.0,1898.0,4146132.0,79444467760.0
2016-02-29,1922.0,1969.0,1973.0,1912.0,6078558.0,117863538680.0
2016-03-01,1975.0,1994.0,2010.0,1961.0,6064250.0,120219622880.0
2016-03-02,1997.0,1993.0,2009.0,1984.0,5582604.0,111475419400.0
2016-03-03,1990.0,1974.0,1999.0,1967.0,4325658.0,85797539340.0
2016-03-04,1972.0,1987.0,1997.0,1952.0,4750600.0,93860200560.0
2016-03-07,1990.0,2073.0,2073.0,1983.0,3279116.0,66639239080.0
2016-03-08,2194.0,2194.0,2194.0,2077.0,6192598.0,132965626080.0
2016-03-09,2149.0,2104.0,2163.0,2035.0,8678072.0,182013601340.0
2016-03-10,2112.0,2130.0,2201.0,2107.0,11325298.0,243265030460.0
2016-03-11,2111.0,2085.0,2133.0,2068.0,4663174.0,98334475180.0
2016-03-14,2058.0,2041.0,2137.0,2034.0,5086806.0,106203269340.0
2016-03-15,1980.0,1972.0,2006.0,1967.0,6206632.0,123090455180.0
2016-03-16,1969.0,2008.0,2011.0,1968.0,5064118.0,100968643380.0
2016-03-17,2010.0,2078.0,2086.0,2006.0,8370102.0,171387023460.0
2016-03-18,2082.0,2118.0,2149.0,2073.0,12070078.0,255801598040.0
2016-03-21,2117.0,2147.0,2210.0,2087.0,15519554.0,332989833060.0
2016-03-22,2153.0,2158.0,2180.0,2144.0,10235742.0,221213866140.0
2016-03-23,2155.0,2193.0,2240.0,2138.0,15313536.0,336210977140.0
2016-03-24,2198.0,2120.0,2205.0,2106.0,17616140.0,377805943900.0
2016-03-25,2117.0,2184.0,2185.0,2114.0,13761106.0,295035838600.0
2016-03-28,2190.0,2132.0,2219.0,2127.0,15282150.0,333707160100.0
2016-03-29,2140.0,2159.0,2172.0,2123.0,12704180.0,272940650220.0
2016-03-30,2163.0,2113.0,2165.0,2091.0,15421990.0,326850300900.0
2016-03-31,2109.0,2136.0,2140.0,2105.0,10882762.0,231015617640.0
2016-04-01,2140.0,2193.0,2196.0,2136.0,11332698.0,245624778600.0
2016-04-05,2207.0,2194.0,2209.0,2152.0,7784670.0,169736422440.0
2016-04-06,2194.0,2182.0,2207.0,2162.0,9508160.0,207699061720.0
2016-04-07,2180.0,2191.0,2212.0,2171.0,8191230.0,179143736480.0
2016-04-08,2188.0,2196.0,2199.0,2178.0,7519084.0,164608812680.0
2016-04-11,2201.0,2293.0,2315.0,2199.0,13939432.0,315465657120.0
2016-04-12,2302.0,2344.0,2344.0,2287.0,12889096.0,298024314560.0
2016-04-13,2351.0,2353.0,2435.0,2332.0,19138022.0,452891243420.0
2016-04-14,2355.0,2324.0,2377.0,2315.0,11451662.0,269150586420.0
2016-04-15,2320.0,2300.0,2340.0,2296.0,10863312.0,251823326760.0
2016-04-18,2287.0,2391.0,2417.0,2287.0,11825572.0,278315800520.0
2016-04-19,2397.0,2494.0,2494.0,2396.0,14327034.0,350498360580.0
2016-04-20,2501.0,2592.0,2592.0,2501.0,15687854.0,401782786640.0
2016-04-21,2612.0,2750.0,2787.0,2610.0,22361440.0,605629828460.0
2016-04-22,2735.0,2619.0,2740.0,2591.0,21928680.0,581747855760.0
2016-04-25,2608.0,2643.0,2781.0,2585.0,19860714.0,527467323720.0
2016-04-26,2607.0,2554.0,2650.0,2518.0,13828216.0,359109433280.0
2016-04-27,2550.0,2500.0,2587.0,2451.0,14117966.0,355760145820.0
2016-04-28,2503.0,2539.0,2548.0,2456.0,12590112.0,315672405040.0
2016-04-29,2548.0,2580.0,2590.0,2533.0,11065856.0,284100702560.0
2016-05-03,2545.0,2451.0,2546.0,2432.0,6087006.0,150352055480.0
2016-05-04,2439.0,2381.0,2448.0,2365.0,8158556.0,196401032160.0
2016-05-05,2373.0,2309.0,2404.0,2299.0,8843630.0,208356552020.0
2016-05-06,2320.0,2336.0,2339.0,2281.0,9851786.0,227997197500.0
2016-05-09,2343.0,2175.0,2352.0,2175.0,8700040.0,196434174280.0
2016-05-10,2105.0,2147.0,2165.0,2085.0,10220650.0,217160476400.0
2016-05-11,2155.0,2146.0,2175.0,2118.0,9657606.0,207899218900.0
2016-05-12,2154.0,2074.0,2159.0,2072.0,8472638.0,180343331740.0
2016-05-13,2064.0,2030.0,2078.0,2000.0,10298962.0,209801726660.0
2016-05-16,2022.0,2052.0,2086.0,2013.0,8318498.0,170803188140.0
2016-05-17,2058.0,2114.0,2118.0,2042.0,8366662.0,173716277760.0
2016-05-18,2109.0,2055.0,2134.0,2036.0,10649982.0,222891266600.0
2016-05-19,2050.0,2043.0,2073.0,2024.0,8679626.0,177699400560.0
2016-05-20,2030.0,2062.0,2079.0,2016.0,7550934.0,155125146440.0
2016-05-23,2065.0,1947.0,2069.0,1930.0,7824686.0,155192077140.0
2016-05-24,1945.0,1958.0,1965.0,1917.0,6755808.0,131149415160.0
2016-05-25,1963.0,1916.0,1973.0,1912.0,6905020.0,134083032520.0
2016-05-26,1920.0,1953.0,1958.0,1907.0,7416702.0,143894789740.0
2016-05-27,1965.0,2033.0,2048.0,1926.0,11215608.0,222912754060.0
2016-05-30,2033.0,1990.0,2054.0,1894.0,10207570.0,203565888380.0
2016-05-31,1985.0,1978.0,2028.0,1973.0,7125598.0,142468575800.0
2016-06-01,1975.0,1955.0,1985.0,1939.0,5423698.0,106389254040.0
2016-06-02,1940.0,1954.0,1980.0,1938.0,4834340.0,94719959920.0
2016-06-03,1952.0,1988.0,2003.0,1950.0,5065658.0,100307739400.0
2016-06-06,2009.0,2059.0,2082.0,1982.0,7362346.0,149538602520.0
2016-06-07,2065.0,2077.0,2103.0,2055.0,6342670.0,131600857020.0
2016-06-08,2076.0,2099.0,2115.0,2038.0,7473444.0,155464169560.0
2016-06-13,2092.0,2170.0,2189.0,2090.0,6223922.0,134089339680.0
2016-06-14,2170.0,2072.0,2184.0,2071.0,8418904.0,178912929000.0
2016-06-15,2062.0,2067.0,2101.0,2053.0,5505990.0,114283367240.0
2016-06-16,2082.0,2074.0,2118.0,2068.0,5954174.0,124238946580.0
2016-06-17,2069.0,2074.0,2080.0,2028.0,5880856.0,120813122600.0
2016-06-20,2072.0,2062.0,2099.0,2056.0,4848484.0,100598637440.0
2016-06-21,2053.0,2082.0,2115.0,2048.0,5592902.0,116646438340.0
2016-06-22,2080.0,2143.0,2143.0,2075.0,6999164.0,148094295420.0
2016-06-23,2148.0,2141.0,2161.0,2131.0,5478706.0,117530244680.0
2016-06-24,2153.0,2126.0,2168.0,2100.0,5838818.0,124959496560.0
2016-06-27,2125.0,2268.0,2268.0,2124.0,7599160.0,167983207240.0
2016-06-28,2268.0,2265.0,2288.0,2234.0,5887680.0,133387036000.0
2016-06-29,2264.0,2241.0,2280.0,2226.0,5861356.0,131933376100.0
2016-06-30,2237.0,2337.0,2345.0,2233.0,7704152.0,176838971880.0
2016-07-01,2341.0,2349.0,2374.0,2309.0,7083518.0,166092231780.0
2016-07-04,2349.0,2424.0,2468.0,2349.0,9112380.0,219826116960.0
2016-07-05,2430.0,2402.0,2454.0,2311.0,7311714.0,174427880380.0
2016-07-06,2393.0,2378.0,2429.0,2326.0,8042726.0,190756906120.0
2016-07-07,2370.0,2387.0,2456.0,2349.0,8375194.0,201162314140.0
2016-07-08,2387.0,2445.0,2447.0,2365.0,8376194.0,201238660320.0
2016-07-11,2464.0,2430.0,2484.0,2361.0,7469210.0,180917558540.0
2016-07-12,2435.0,2558.0,2563.0,2416.0,7774606.0,193715382740.0
2016-07-13,2540.0,2516.0,2589.0,2512.0,6880472.0,175472481100.0
2016-07-14,2523.0,2524.0,2542.0,2478.0,5581728.0,140208542180.0
2016-07-15,2515.0,2527.0,2556.0,2479.0,6070020.0,152542639900.0
2016-07-18,2528.0,2362.0,2535.0,2362.0,7009522.0,171026731520.0
2016-07-19,2354.0,2297.0,2358.0,2264.0,7458256.0,172694259140.0
2016-07-20,2304.0,2310.0,2336.0,2282.0,5487648.0,126587849220.0
2016-07-21,2309.0,2396.0,2432.0,2278.0,7426584.0,174816518760.0
2016-07-22,2390.0,2310.0,2399.0,2296.0,6666442.0,156231302700.0
2016-07-25,2311.0,2342.0,2368.0,2279.0,7003380.0,163279022800.0
2016-07-26,2350.0,2379.0,2379.0,2309.0,5557718.0,129995360000.0
2016-07-27,2377.0,2418.0,2449.0,2367.0,7734528.0,186054184460.0
2016-07-28,2421.0,2480.0,2503.0,2412.0,7475414.0,184100219720.0
2016-07-29,2475.0,2412.0,2484.0,2396.0,5494102.0,134329049280.0
2016-08-01,2420.0,2495.0,2521.0,2383.0,6510646.0,160615768940.0
2016-08-02,2500.0,2514.0,2529.0,2478.0,4636956.0,115923991060.0
2016-08-03,2517.0,2497.0,2522.0,2471.0,4146122.0,103451017820.0
2016-08-04,2495.0,2453.0,2504.0,2417.0,5642740.0,138871674620.0
2016-08-05,2461.0,2538.0,2555.0,2450.0,5161852.0,129346539740.0
2016-08-08,2538.0,2607.0,2618.0,2516.0,4988876.0,128244219220.0
2016-08-09,2607.0,2589.0,2628.0,2549.0,4572794.0,118511687700.0
2016-08-10,2580.0,2587.0,2639.0,2561.0,4624264.0,119626400620.0
2016-08-11,2587.0,2594.0,2602.0,2535.0,4269190.0,109842247440.0
2016-08-12,2580.0,2577.0,2590.0,2555.0,3689742.0,94995822660.0
2016-08-15,2561.0,2571.0,2582.0,2505.0,4053394.0,103411249060.0
2016-08-16,2571.0,2648.0,2687.0,2563.0,4320198.0,113597106500.0
2016-08-17,2640.0,2589.0,2667.0,2585.0,3099566.0,81494647040.0
2016-08-18,2581.0,2575.0,2609.0,2552.0,2091794.0,53973049100.0
2016-08-19,2537.0,2567.0,2575.0,2497.0,5512548.0,139989658300.0
2016-08-22,2564.0,2553.0,2602.0,2551.0,5207160.0,133970243100.0
2016-08-23,2549.0,2596.0,2615.0,2537.0,5406822.0,139811521440.0
2016-08-24,2599.0,2589.0,2620.0,2575.0,3940550.0,102316630120.0
2016-08-25,2600.0,2567.0,2620.0,2487.0,7629108.0,195594434460.0
2016-08-26,2565.0,2502.0,2573.0,2500.0,5510904.0,140035839720.0
2016-08-29,2492.0,2477.0,2501.0,2447.0,5832962.0,144434155860.0
2016-08-30,2485.0,2422.0,2491.0,2418.0,6071512.0,148974859840.0
2016-08-31,2430.0,2392.0,2449.0,2389.0,5324052.0,128998720160.0
2016-09-01,2384.0,2402.0,2412.0,2362.0,5234742.0,125034764960.0
2016-09-02,2400.0,2406.0,2464.0,2388.0,7014078.0,170198567500.0
2016-09-05,2415.0,2436.0,2463.0,2410.0,6002322.0,146365433540.0
2016-09-06,2436.0,2428.0,2458.0,2412.0,5017696.0,121945915680.0
2016-09-07,2424.0,2334.0,2427.0,2330.0,7433996.0,176287217920.0
2016-09-08,2334.0,2338.0,2357.0,2321.0,4869812.0,113856851380.0
2016-09-09,2335.0,2343.0,2346.0,2303.0,5757430.0,133823763820.0
2016-09-12,2343.0,2277.0,2357.0,2270.0,5823944.0,134403714420.0
2016-09-13,2276.0,2256.0,2299.0,2247.0,4971790.0,112965693140.0
2016-09-14,2250.0,2250.0,2276.0,2246.0,4277878.0,96680612760.0
2016-09-19,2200.0,2239.0,2249.0,2190.0,3195102.0,71414803520.0
2016-09-20,2237.0,2264.0,2285.0,2237.0,5189584.0,117476216160.0
2016-09-21,2264.0,2257.0,2275.0,2242.0,4515108.0,102035879040.0
2016-09-22,2254.0,2280.0,2330.0,2253.0,7508750.0,172116819140.0
2016-09-23,2285.0,2309.0,2313.0,2280.0,4878596.0,112148020220.0
2016-09-26,2311.0,2316.0,2353.0,2309.0,5032966.0,116961064360.0
2016-09-27,2319.0,2273.0,2321.0,2252.0,5733910.0,130883354160.0
2016-09-28,2268.0,2285.0,2288.0,2255.0,4295198.0,97605626500.0
2016-09-29,2289.0,2273.0,2332.0,2270.0,5653568.0,130385678400.0
2016-09-30,2270.0,2253.0,2288.0,2248.0,3710948.0,84050890620.0
2016-10-10,2240.0,2270.0,2274.0,2209.0,3464986.0,77881470620.0
2016-10-11,2273.0,2339.0,2340.0,2273.0,5548546.0,128169485040.0
2016-10-12,2340.0,2358.0,2360.0,2311.0,4978656.0,116288134360.0
2016-10-13,2363.0,2354.0,2368.0,2331.0,4501194.0,105727100460.0
2016-10-14,2353.0,2399.0,2422.0,2344.0,5084094.0,120932538140.0
2016-10-17,2391.0,2431.0,2451.0,2389.0,4848632.0,117677321580.0
2016-10-18,2430.0,2441.0,2443.0,2402.0,3898820.0,94428589620.0
2016-10-19,2451.0,2434.0,2526.0,2424.0,7063346.0,174654458680.0
2016-10-20,2438.0,2486.0,2495.0,2434.0,5109816.0,126355522320.0
2016-10-21,2492.0,2485.0,2504.0,2433.0,4545124.0,112049315120.0
2016-10-24,2480.0,2491.0,2500.0,2430.0,4712738.0,116357710420.0
2016-10-25,2493.0,2569.0,2587.0,2492.0,6094124.0,155273323840.0
2016-10-26,2572.0,2534.0,2597.0,2513.0,5791228.0,147477024200.0
2016-10-27,2535.0,2512.0,2570.0,2485.0,5433252.0,137397421440.0
2016-10-28,2520.0,2588.0,2590.0,2510.0,4328268.0,110181207140.0
2016-10-31,2595.0,2600.0,2613.0,2550.0,4884518.0,126122729620.0
2016-11-01,2600.0,2613.0,2640.0,2563.0,5337216.0,139163891820.0
2016-11-02,2619.0,2610.0,2665.0,2595.0,5090916.0,133889314020.0
2016-11-03,2615.0,2691.0,2694.0,2608.0,4501852.0,119123728020.0
2016-11-04,2695.0,2716.0,2767.0,2694.0,6349562.0,173093257840.0
2016-11-07,2736.0,2889.0,2889.0,2712.0,6528734.0,182779197440.0
2016-11-08,2887.0,2836.0,2933.0,2786.0,6907862.0,197884960800.0
2016-11-09,2827.0,3015.0,3030.0,2815.0,5927072.0,174453175960.0
2016-11-10,3010.0,2987.0,3119.0,2937.0,7075336.0,213803793600.0
2016-11-11,3000.0,3126.0,3148.0,2960.0,4679740.0,142451071680.0
2016-11-14,3147.0,2945.0,3220.0,2897.0,5886956.0,179064792560.0
2016-11-15,2950.0,2858.0,2996.0,2858.0,2869130.0,84084468400.0
2016-11-16,2801.0,2816.0,2839.0,2714.0,3909922.0,109067653200.0
2016-11-17,2819.0,2814.0,2841.0,2738.0,3171932.0,88349156400.0
2016-11-18,2824.0,2772.0,2845.0,2750.0,2899398.0,80715961940.0
2016-11-21,2783.0,2714.0,2790.0,2660.0,2988754.0,81784114820.0
2016-11-22,2726.0,2900.0,2900.0,2708.0,3723944.0,105254129080.0
2016-11-23,2897.0,2954.0,2966.0,2860.0,4070872.0,118664497320.0
2016-11-24,2950.0,2951.0,3012.0,2882.0,3487584.0,102839398200.0
2016-11-25,2902.0,3154.0,3154.0,2902.0,2816238.0,85730896100.0
2016-11-28,3155.0,3188.0,3238.0,3082.0,2076172.0,65667902780.0
2016-11-29,3306.0,3062.0,3348.0,3060.0,3991114.0,128754519280.0
2016-11-30,3062.0,3000.0,3085.0,3000.0,2136874.0,64981299820.0
2016-12-01,3000.0,3187.0,3218.0,2965.0,5079566.0,156834183220.0
2016-12-02,3196.0,3126.0,3229.0,3011.0,5315224.0,166449540000.0
2016-12-05,3124.0,3204.0,3233.0,3060.0,4581570.0,144211255120.0
2016-12-06,3201.0,3217.0,3262.0,3178.0,3570526.0,114902709240.0
2016-12-07,3223.0,3382.0,3428.0,3216.0,4600540.0,153545736280.0
2016-12-08,3391.0,3394.0,3418.0,3291.0,3988602.0,134143745260.0
2016-12-09,3402.0,3345.0,3413.0,3213.0,5420202.0,180238486540.0
2016-12-12,3368.0,3444.0,3557.0,3302.0,4000812.0,137483002860.0
2016-12-13,3456.0,3505.0,3506.0,3413.0,3335092.0,115624187840.0
2016-12-14,3489.0,3375.0,3497.0,3331.0,4341096.0,148125657840.0
2016-12-15,3368.0,3413.0,3441.0,3304.0,4079444.0,137413225600.0
2016-12-16,3380.0,3293.0,3409.0,3292.0,3396454.0,114235833260.0
2016-12-19,3280.0,3171.0,3309.0,3167.0,3659544.0,119042310900.0
2016-12-20,3161.0,3162.0,3193.0,3118.0,3485732.0,110058097180.0
2016-12-21,3168.0,3169.0,3205.0,3093.0,3572718.0,112828332840.0
2016-12-22,3173.0,3026.0,3186.0,3024.0,3356712.0,104409435920.0
2016-12-23,3012.0,2984.0,3068.0,2966.0,3764756.0,113421666880.0
2016-12-26,2971.0,2922.0,3018.0,2846.0,4597294.0,134576983560.0
2016-12-27,2932.0,3006.0,3007.0,2872.0,3606540.0,105709488640.0
2016-12-28,3010.0,2989.0,3072.0,2966.0,4099296.0,123600067060.0
2016-12-29,2992.0,2952.0,2995.0,2911.0,3948156.0,116512891780.0
2016-12-30,2948.0,2867.0,2970.0,2866.0,2988602.0,87025565680.0
2017-01-03,2889.0,2851.0,2998.0,2839.0,2581552.0,75231169980.0
2017-01-04,2860.0,2930.0,2957.0,2827.0,3988998.0,115388195740.0
2017-01-05,2930.0,2941.0,2998.0,2913.0,3639036.0,107478065100.0
2017-01-06,2940.0,2912.0,2988.0,2900.0,3621876.0,106614700360.0
2017-01-09,2915.0,3048.0,3049.0,2893.0,3590906.0,106302895980.0
2017-01-10,3048.0,3167.0,3167.0,3028.0,3923264.0,121453734720.0
2017-01-11,3177.0,3182.0,3202.0,3135.0,3167658.0,100512008340.0
2017-01-12,3179.0,3207.0,3260.0,3158.0,3534488.0,113559265440.0
2017-01-13,3212.0,3194.0,3247.0,3167.0,2951466.0,94662545040.0
2017-01-16,3190.0,3375.0,3418.0,3173.0,4048262.0,134355629000.0
2017-01-17,3370.0,3284.0,3402.0,3240.0,3555120.0,118273712880.0
2017-01-18,3292.0,3292.0,3350.0,3243.0,3353896.0,110248375560.0
2017-01-19,3280.0,3256.0,3306.0,3220.0,3144640.0,102580641300.0
2017-01-20,3252.0,3194.0,3296.0,3193.0,3147490.0,102333974360.0
2017-01-23,3191.0,3180.0,3205.0,3143.0,2358234.0,74863312380.0
2017-01-24,3178.0,3292.0,3344.0,3170.0,2952718.0,96354206980.0
2017-01-25,3300.0,3299.0,3320.0,3255.0,1804324.0,59321587700.0
2017-01-26,3292.0,3369.0,3380.0,3290.0,1896002.0,63315208660.0
2017-02-03,3349.0,3113.0,3358.0,3071.0,2496492.0,79250587180.0
2017-02-06,3110.0,3082.0,3132.0,3062.0,2416472.0,74845133240.0
2017-02-07,3090.0,3165.0,3176.0,3067.0,2591874.0,81108272360.0
2017-02-08,3161.0,3243.0,3248.0,3129.0,2989688.0,95618399540.0
2017-02-09,3248.0,3206.0,3276.0,3202.0,2410544.0,78100960840.0
2017-02-10,3198.0,3328.0,3398.0,3181.0,4366112.0,143746782320.0
2017-02-13,3351.0,3437.0,3451.0,3332.0,3014236.0,102460543660.0
2017-02-14,3449.0,3442.0,3450.0,3382.0,2325770.0,79538071260.0
2017-02-15,3442.0,3391.0,3458.0,3350.0,3270782.0,111622139200.0
2017-02-16,3370.0,3381.0,3509.0,3359.0,4521314.0,154700922660.0
2017-02-17,3394.0,3473.0,3489.0,3389.0,3593002.0,124020490740.0
2017-02-20,3481.0,3546.0,3557.0,3461.0,3980198.0,140000887480.0
2017-02-21,3566.0,3575.0,3630.0,3552.0,3226564.0,115809135160.0
2017-02-22,3572.0,3525.0,3589.0,3508.0,3227458.0,114466762500.0
2017-02-23,3506.0,3483.0,3566.0,3444.0,3698790.0,129920345220.0
2017-02-24,3512.0,3498.0,3515.0,3373.0,3970238.0,136949071560.0
2017-02-27,3498.0,3612.0,3648.0,3485.0,3932404.0,140519602140.0
2017-02-28,3610.0,3471.0,3623.0,3467.0,3752392.0,133761573680.0
2017-03-01,3488.0,3542.0,3579.0,3469.0,3596716.0,126479909760.0
2017-03-02,3545.0,3553.0,3597.0,3525.0,2936158.0,104481896520.0
2017-03-03,3555.0,3566.0,3567.0,3440.0,4145656.0,145074205420.0
2017-03-06,3569.0,3467.0,3580.0,3450.0,4069720.0,142917295760.0
2017-03-07,3445.0,3494.0,3509.0,3442.0,3009698.0,104652039000.0
2017-03-08,3492.0,3425.0,3508.0,3410.0,3776446.0,130656214000.0
2017-03-09,3417.0,3389.0,3444.0,3348.0,3374018.0,114409286140.0
2017-03-10,3385.0,3402.0,3427.0,3380.0,2693822.0,91715589160.0
2017-03-13,3410.0,3604.0,3606.0,3353.0,4616948.0,159815312680.0
2017-03-14,3603.0,3594.0,3615.0,3556.0,2793100.0,100134233280.0
2017-03-15,3592.0,3641.0,3692.0,3566.0,3284492.0,119203562680.0
2017-03-16,3630.0,3625.0,3677.0,3575.0,2365448.0,85658785640.0
2017-03-17,3615.0,3575.0,3628.0,3552.0,2009228.0,72110967560.0
2017-03-20,3571.0,3581.0,3644.0,3560.0,1887018.0,67920638960.0
2017-03-21,3580.0,3476.0,3588.0,3470.0,1964284.0,69229348060.0
2017-03-22,3463.0,3405.0,3498.0,3395.0,1615206.0,55706864680.0
2017-03-23,3409.0,3417.0,3450.0,3400.0,973338.0,33377306360.0
2017-03-24,3130.0,3140.0,3199.0,3097.0,4315812.0,136000140560.0
2017-03-27,3138.0,3057.0,3145.0,3003.0,4210368.0,128906255640.0
2017-03-28,3058.0,3050.0,3108.0,3035.0,3860972.0,118613142760.0
2017-03-29,3062.0,3169.0,3177.0,3061.0,4705728.0,147052305980.0
2017-03-30,3169.0,3142.0,3189.0,3121.0,3670026.0,115785067900.0
2017-03-31,3140.0,3152.0,3224.0,3112.0,5570154.0,176364933120.0
2017-04-05,3200.0,3222.0,3285.0,3173.0,4368094.0,141471278920.0
2017-04-06,3237.0,3162.0,3247.0,3157.0,4956264.0,158429858080.0
2017-04-07,3136.0,3038.0,3145.0,2985.0,6128296.0,187426976760.0
2017-04-10,3030.0,3000.0,3058.0,2987.0,4221712.0,127569143480.0
2017-04-11,2990.0,2982.0,3029.0,2950.0,4500688.0,134941780480.0
2017-04-12,2975.0,2893.0,2992.0,2888.0,4743762.0,139065584200.0
2017-04-13,2888.0,2917.0,2961.0,2879.0,4355624.0,127420296140.0
2017-04-14,2925.0,2942.0,2999.0,2907.0,5676496.0,167517936960.0
2017-04-17,2942.0,2912.0,2991.0,2884.0,5247354.0,153867843340.0
2017-04-18,2917.0,2824.0,2929.0,2815.0,4828746.0,138514273120.0
2017-04-19,2819.0,2852.0,2862.0,2811.0,3665450.0,104064723380.0
2017-04-20,2853.0,2889.0,2928.0,2775.0,6177936.0,175628500840.0
2017-04-21,2898.0,2928.0,2967.0,2867.0,6859930.0,200371198700.0
2017-04-24,2923.0,2927.0,2942.0,2851.0,5467910.0,158294880520.0
2017-04-25,2925.0,2948.0,2958.0,2896.0,5236738.0,153466020140.0
2017-04-26,2955.0,2967.0,3032.0,2934.0,5939958.0,177079168280.0
2017-04-27,2970.0,3016.0,3018.0,2958.0,4814822.0,143739128600.0
2017-04-28,3035.0,3115.0,3116.0,3026.0,6604372.0,202498031640.0
2017-05-02,3152.0,3134.0,3160.0,3105.0,3349462.0,104945560960.0
2017-05-03,3143.0,3131.0,3151.0,3094.0,4945434.0,154459878580.0
2017-05-04,3120.0,2931.0,3126.0,2904.0,10040322.0,301992821900.0
2017-05-05,2949.0,2931.0,2955.0,2891.0,7220490.0,211664455820.0
2017-05-08,2948.0,3004.0,3049.0,2933.0,9812676.0,293144198160.0
2017-05-09,2998.0,3016.0,3035.0,2980.0,6250494.0,187594523500.0
2017-05-10,3009.0,3077.0,3084.0,3005.0,7391280.0,225885797760.0
2017-05-11,3084.0,3060.0,3108.0,2962.0,10250286.0,310656756160.0
2017-05-12,3068.0,2941.0,3078.0,2939.0,9412260.0,282442329780.0
2017-05-15,2950.0,2991.0,3032.0,2925.0,7079212.0,211037176760.0
2017-05-16,2997.0,2999.0,3005.0,2958.0,5715242.0,170537889700.0
2017-05-17,3005.0,3110.0,3118.0,2993.0,8553152.0,262271854480.0
2017-05-18,3111.0,3144.0,3159.0,3080.0,7669748.0,239343625060.0
2017-05-19,3118.0,3244.0,3249.0,3095.0,9364778.0,298433224600.0
2017-05-22,3254.0,3342.0,3385.0,3246.0,9224152.0,306757566560.0
2017-05-23,3349.0,3295.0,3356.0,3285.0,6647362.0,220705930300.0
2017-05-24,3288.0,3246.0,3317.0,3191.0,9760882.0,318020934060.0
2017-05-25,3247.0,3219.0,3298.0,3210.0,9362346.0,304705334720.0
2017-05-26,3221.0,3240.0,3249.0,3172.0,7427212.0,238605861040.0
2017-05-31,3248.0,3095.0,3273.0,3089.0,6663064.0,211978351020.0
2017-06-01,3102.0,3092.0,3127.0,3057.0,7377354.0,228303300680.0
2017-06-02,3098.0,3026.0,3108.0,3021.0,9046274.0,276568606980.0
2017-06-05,3010.0,2939.0,3055.0,2938.0,7983244.0,238691204180.0
2017-06-06,2928.0,2959.0,2973.0,2906.0,6740960.0,198312318720.0
2017-06-07,2959.0,2962.0,2996.0,2935.0,6244994.0,185192295620.0
2017-06-08,2968.0,2968.0,3025.0,2924.0,9025802.0,268290607280.0
2017-06-09,2968.0,3017.0,3021.0,2954.0,6275936.0,187811380620.0
2017-06-12,3030.0,3033.0,3051.0,3000.0,6298340.0,190885794080.0
2017-06-13,3035.0,2935.0,3045.0,2932.0,5864856.0,175668842320.0
2017-06-14,2935.0,3084.0,3086.0,2930.0,8388128.0,251523405660.0
2017-06-15,3080.0,3111.0,3124.0,3023.0,8854462.0,272781999940.0
2017-06-16,3105.0,3091.0,3156.0,3075.0,7986648.0,248674800780.0
2017-06-19,3100.0,3140.0,3185.0,3093.0,7269176.0,228054935840.0
2017-06-20,3144.0,3109.0,3150.0,3084.0,6469594.0,201807642520.0
2017-06-21,3099.0,3069.0,3100.0,3034.0,6953398.0,212784314220.0
2017-06-22,3079.0,3031.0,3123.0,3030.0,8068116.0,249118012440.0
2017-06-23,3037.0,3104.0,3110.0,3034.0,6795422.0,208125470020.0
2017-06-26,3105.0,3148.0,3149.0,3088.0,6297226.0,196214299360.0
2017-06-27,3152.0,3224.0,3225.0,3132.0,6593804.0,209263550660.0
2017-06-28,3226.0,3279.0,3291.0,3224.0,6083548.0,198245392800.0
2017-06-29,3288.0,3297.0,3330.0,3252.0,8409380.0,276811231340.0
2017-06-30,3291.0,3347.0,3355.0,3273.0,7499712.0,248005785840.0
2017-07-03,3341.0,3413.0,3415.0,3333.0,7327914.0,247217172500.0
2017-07-04,3405.0,3360.0,3448.0,3341.0,7666870.0,260179719480.0
2017-07-05,3370.0,3420.0,3474.0,3369.0,8665272.0,296582571840.0
2017-07-06,3400.0,3417.0,3423.0,3345.0,7893368.0,267781082500.0
2017-07-07,3421.0,3428.0,3432.0,3353.0,7705736.0,261058987400.0
2017-07-10,3435.0,3442.0,3479.0,3405.0,6567710.0,225881342240.0
2017-07-11,3438.0,3565.0,3597.0,3429.0,7074976.0,249188979740.0
2017-07-12,3565.0,3575.0,3615.0,3553.0,5648724.0,202371731740.0
2017-07-13,3580.0,3657.0,3660.0,3560.0,6170360.0,222588400060.0
2017-07-14,3658.0,3551.0,3658.0,3528.0,8422600.0,301369590720.0
2017-07-17,3535.0,3627.0,3668.0,3534.0,6886134.0,248919010320.0
2017-07-18,3627.0,3586.0,3652.0,3573.0,6543818.0,236570104900.0
2017-07-19,3598.0,3679.0,3688.0,3583.0,6243064.0,227665985000.0
2017-07-20,3667.0,3496.0,3675.0,3488.0,8574736.0,307154860380.0
2017-07-21,3510.0,3525.0,3547.0,3467.0,6661080.0,233578145740.0
2017-07-24,3528.0,3516.0,3566.0,3455.0,5893656.0,206715807040.0
2017-07-25,3523.0,3568.0,3590.0,3485.0,6185898.0,218982452940.0
2017-07-26,3579.0,3568.0,3639.0,3547.0,6233630.0,223895144980.0
2017-07-27,3555.0,3570.0,3599.0,3504.0,6196006.0,220177845880.0
2017-07-28,3566.0,3558.0,3595.0,3530.0,5509860.0,196430118320.0
2017-07-31,3565.0,3733.0,3740.0,3559.0,6960054.0,255015410220.0
2017-08-01,3710.0,3698.0,3759.0,3693.0,4104670.0,152567284280.0
2017-08-02,3695.0,3725.0,3748.0,3662.0,3965622.0,147495545560.0
2017-08-03,3715.0,3776.0,3791.0,3702.0,4027018.0,150891234940.0
2017-08-04,3780.0,3882.0,3899.0,3765.0,3464504.0,132828922920.0
2017-08-07,3880.0,4079.0,4101.0,3866.0,4377190.0,176008345160.0
2017-08-08,4070.0,4046.0,4119.0,4016.0,2527256.0,102921406220.0
2017-08-09,3891.0,4006.0,4008.0,3867.0,7154166.0,281039099380.0
2017-08-10,3988.0,3964.0,4016.0,3915.0,7482000.0,296996638080.0
2017-08-11,3945.0,3862.0,3993.0,3812.0,9155740.0,357796510960.0
2017-08-14,3861.0,3807.0,3894.0,3786.0,7245232.0,277874980740.0
2017-08-15,3800.0,3747.0,3809.0,3695.0,4333142.0,162358058560.0
2017-08-16,3742.0,3707.0,3769.0,3696.0,3306254.0,123350159200.0
2017-08-17,3726.0,3809.0,3860.0,3721.0,5557758.0,210959672420.0
2017-08-18,3800.0,3895.0,3900.0,3776.0,3634340.0,138969299460.0
2017-08-21,3868.0,3962.0,3994.0,3803.0,4277788.0,167429685700.0
2017-08-22,3970.0,3933.0,3998.0,3887.0,3381224.0,133069006300.0
2017-08-23,3918.0,3779.0,3918.0,3710.0,5422838.0,205843958420.0
2017-08-24,3779.0,3858.0,3880.0,3746.0,4439100.0,169902998120.0
2017-08-25,3855.0,3930.0,3978.0,3846.0,4113372.0,161492943420.0
2017-08-28,3920.0,3932.0,3960.0,3805.0,4434592.0,172140348380.0
2017-08-29,3926.0,3882.0,3950.0,3839.0,4324476.0,168688948300.0
2017-08-30,3885.0,3868.0,3908.0,3808.0,4006358.0,154520740500.0
2017-08-31,3854.0,3927.0,3929.0,3782.0,5042166.0,194197830820.0
2017-09-01,3915.0,4062.0,4097.0,3903.0,5397808.0,215580862080.0
2017-09-04,4060.0,4060.0,4194.0,4040.0,4660264.0,190988011280.0
2017-09-05,4060.0,4084.0,4127.0,4051.0,3474268.0,142041388520.0
2017-09-06,4081.0,3986.0,4137.0,3983.0,4279668.0,173563536020.0
2017-09-07,3998.0,3958.0,4027.0,3934.0,4500946.0,179243278040.0
2017-09-08,3951.0,3916.0,4038.0,3887.0,5079692.0,201224816260.0
2017-09-11,3912.0,3915.0,3946.0,3835.0,3909502.0,152521431360.0
2017-09-12,3915.0,3959.0,3965.0,3878.0,4357690.0,170956062460.0
2017-09-13,3951.0,3914.0,4001.0,3900.0,4162678.0,164380098560.0
2017-09-14,3913.0,3831.0,3940.0,3818.0,5110450.0,198334590240.0
2017-09-15,3831.0,3805.0,3858.0,3777.0,3729164.0,142473191520.0
2017-09-18,3808.0,3801.0,3830.0,3742.0,3851596.0,145887934740.0
2017-09-19,3796.0,3740.0,3834.0,3735.0,3327328.0,126099791240.0
2017-09-20,3738.0,3758.0,3788.0,3707.0,3418992.0,128090786800.0
2017-09-21,3768.0,3655.0,3799.0,3650.0,4317254.0,160753352280.0
2017-09-22,3650.0,3554.0,3654.0,3527.0,3657024.0,131586195960.0
2017-09-25,3574.0,3603.0,3628.0,3531.0,3402282.0,121925184100.0
2017-09-26,3599.0,3614.0,3650.0,3586.0,3101096.0,112162967480.0
2017-09-27,3613.0,3679.0,3684.0,3608.0,3315054.0,120819817680.0
2017-09-28,3690.0,3606.0,3724.0,3571.0,4395896.0,160089675040.0
2017-09-29,3615.0,3695.0,3699.0,3524.0,3387018.0,122047950320.0
2017-10-09,3762.0,3701.0,3795.0,3674.0,2497018.0,93220512860.0
2017-10-10,3695.0,3553.0,3702.0,3552.0,3736474.0,134578636140.0
2017-10-11,3550.0,3523.0,3618.0,3512.0,3363060.0,119960579020.0
2017-10-12,3523.0,3667.0,3700.0,3503.0,4779306.0,171062702620.0
2017-10-13,3665.0,3815.0,3820.0,3643.0,4049004.0,150560355800.0
2017-10-16,3818.0,3824.0,3878.0,3772.0,3796496.0,144778903460.0
2017-10-17,3824.0,3740.0,3835.0,3715.0,3919334.0,147878152400.0
2017-10-18,3739.0,3686.0,3770.0,3685.0,2916468.0,108883834300.0
2017-10-19,3691.0,3604.0,3691.0,3566.0,3844860.0,139210056860.0
2017-10-20,3601.0,3776.0,3777.0,3591.0,3610592.0,132840656480.0
2017-10-23,3777.0,3700.0,3778.0,3602.0,4416066.0,163166178020.0
2017-10-24,3698.0,3739.0,3777.0,3672.0,3076650.0,114774096140.0
2017-10-25,3745.0,3703.0,3814.0,3680.0,3378510.0,126334097860.0
2017-10-26,3682.0,3650.0,3705.0,3628.0,3187124.0,116814631080.0
2017-10-27,3650.0,3577.0,3665.0,3565.0,2991008.0,108258742900.0
2017-10-30,3581.0,3571.0,3628.0,3561.0,2092610.0,75157046380.0
2017-10-31,3575.0,3628.0,3665.0,3535.0,3080286.0,110815739400.0
2017-11-01,3634.0,3563.0,3657.0,3561.0,2340156.0,84618726540.0
2017-11-02,3580.0,3642.0,3680.0,3555.0,2629562.0,95268177460.0
2017-11-03,3638.0,3612.0,3667.0,3593.0,1712470.0,62183614380.0
2017-11-06,3622.0,3736.0,3748.0,3612.0,1871584.0,69006440360.0
2017-11-07,3739.0,3707.0,3752.0,3682.0,1233250.0,45824866540.0
2017-11-08,3705.0,3724.0,3743.0,3675.0,1226686.0,45460715880.0
2017-11-09,3736.0,3760.0,3832.0,3725.0,1794952.0,67763930580.0
2017-11-10,3760.0,3796.0,3806.0,3727.0,3690886.0,139173576120.0
2017-11-13,3810.0,3803.0,3845.0,3740.0,4635840.0,175283545040.0
2017-11-14,3799.0,3804.0,3830.0,3769.0,3540442.0,134589744020.0
2017-11-15,3805.0,3705.0,3828.0,3676.0,4239284.0,158508123560.0
2017-11-16,3718.0,3680.0,3728.0,3656.0,3629530.0,134112948580.0
2017-11-17,3681.0,3632.0,3703.0,3621.0,3698712.0,135279095020.0
2017-11-20,3627.0,3696.0,3707.0,3627.0,3677614.0,134811421420.0
2017-11-21,3698.0,3763.0,3778.0,3676.0,3923448.0,146437199900.0
2017-11-22,3769.0,3817.0,3828.0,3761.0,3833336.0,145442868360.0
2017-11-23,3817.0,3826.0,3858.0,3808.0,4006456.0,153409674980.0
2017-11-24,3830.0,3814.0,3833.0,3724.0,3491612.0,132551220140.0
2017-11-27,3815.0,3833.0,3888.0,3792.0,4268610.0,164147839240.0
2017-11-28,3845.0,3872.0,3882.0,3832.0,3196028.0,123331839200.0
2017-11-29,3885.0,3957.0,3966.0,3840.0,4711928.0,183724796800.0
2017-11-30,3960.0,3990.0,4043.0,3948.0,5024632.0,200864375200.0
2017-12-01,3993.0,3977.0,4018.0,3928.0,4326984.0,172086464840.0
2017-12-04,3972.0,4056.0,4104.0,3952.0,4711716.0,190322383480.0
2017-12-05,4057.0,4025.0,4085.0,4004.0,3812332.0,154456672000.0
2017-12-06,4025.0,3916.0,4032.0,3905.0,4813668.0,190434989560.0
2017-12-07,3926.0,3828.0,3942.0,3759.0,5701228.0,221066792020.0
2017-12-08,3830.0,3895.0,3912.0,3806.0,4421804.0,170287465400.0
2017-12-11,3893.0,3912.0,3967.0,3872.0,5323908.0,208542256500.0
2017-12-12,3923.0,3884.0,3988.0,3862.0,5101036.0,200228217640.0
2017-12-13,3884.0,3831.0,3892.0,3816.0,5618008.0,216184694780.0
2017-12-14,3832.0,3786.0,3860.0,3773.0,4839396.0,184819919680.0
2017-12-15,3782.0,3824.0,3839.0,3770.0,3715426.0,141417801500.0
2017-12-18,3839.0,3874.0,3918.0,3810.0,5875636.0,226606518120.0
2017-12-19,3876.0,3791.0,3878.0,3778.0,4955962.0,189473128260.0
2017-12-20,3789.0,3804.0,3835.0,3761.0,4264388.0,162111438940.0
2017-12-21,3811.0,3853.0,3884.0,3795.0,5351426.0,205666407340.0
2017-12-22,3853.0,3942.0,3954.0,3850.0,4986930.0,194928311400.0
2017-12-25,3944.0,3787.0,3948.0,3784.0,5165730.0,199402078760.0
2017-12-26,3780.0,3822.0,3836.0,3774.0,4103050.0,156204761140.0
2017-12-27,3820.0,3792.0,3829.0,3784.0,4050510.0,154286987680.0
2017-12-28,3780.0,3758.0,3800.0,3740.0,4411490.0,166122349440.0
2017-12-29,3753.0,3794.0,3824.0,3748.0,4377144.0,166085509140.0
2018-01-02,3801.0,3874.0,3886.0,3794.0,2961436.0,113801751780.0
2018-01-03,3866.0,3809.0,3877.0,3803.0,3523844.0,135518108780.0
2018-01-04,3805.0,3819.0,3842.0,3788.0,3747764.0,142863517220.0
2018-01-05,3812.0,3798.0,3827.0,3760.0,3941160.0,149436057060.0
2018-01-08,3795.0,3818.0,3820.0,3733.0,4329290.0,163328001540.0
2018-01-09,3818.0,3819.0,3843.0,3810.0,3148548.0,120402198240.0
2018-01-10,3818.0,3849.0,3868.0,3792.0,4174000.0,160009407740.0
2018-01-11,3858.0,3838.0,3876.0,3824.0,3631732.0,139853081620.0
2018-01-12,3838.0,3790.0,3849.0,3778.0,3298806.0,125616078900.0
2018-01-15,3786.0,3802.0,3811.0,3749.0,3097214.0,117229536260.0
2018-01-16,3803.0,3790.0,3844.0,3788.0,3670054.0,139992380360.0
2018-01-17,3788.0,3827.0,3841.0,3783.0,4281478.0,163417727660.0
2018-01-18,3825.0,3859.0,3868.0,3815.0,3516314.0,135141189620.0
2018-01-19,3867.0,3926.0,3927.0,3855.0,4341444.0,168582101660.0
2018-01-22,3937.0,3927.0,3974.0,3916.0,3595842.0,141657405260.0
2018-01-23,3930.0,3912.0,3933.0,3874.0,4132416.0,161383305240.0
2018-01-24,3904.0,3937.0,3948.0,3896.0,2808360.0,110215743920.0
2018-01-25,3933.0,3966.0,3998.0,3916.0,3860830.0,152819298360.0
2018-01-26,3965.0,3945.0,3976.0,3920.0,2985708.0,117881595460.0
2018-01-29,3942.0,3945.0,3968.0,3923.0,2502918.0,98741962200.0
2018-01-30,3938.0,3921.0,3944.0,3903.0,2680272.0,105164552560.0
2018-01-31,3919.0,3915.0,3988.0,3892.0,2741322.0,107418321400.0
2018-02-01,3920.0,3931.0,3969.0,3919.0,3082336.0,121483955760.0
2018-02-02,3921.0,3961.0,3973.0,3913.0,2699418.0,106619840600.0
2018-02-05,3960.0,3967.0,3971.0,3922.0,2520722.0,99485257960.0
2018-02-06,3970.0,3943.0,3998.0,3931.0,3078200.0,121906195480.0
2018-02-07,3949.0,3937.0,3965.0,3927.0,2060998.0,81286221940.0
2018-02-08,3936.0,3930.0,3951.0,3916.0,2206992.0,86778852320.0
2018-02-09,3928.0,3895.0,3946.0,3881.0,2574966.0,100727610520.0
2018-02-12,3890.0,3918.0,3925.0,3882.0,1570766.0,61367180660.0
2018-02-13,3920.0,3921.0,3935.0,3894.0,1344078.0,52671161940.0
2018-02-14,3921.0,3934.0,3951.0,3916.0,1115116.0,43869043820.0
2018-02-22,3945.0,3866.0,3955.0,3841.0,2061350.0,80004559360.0
2018-02-23,3846.0,3949.0,3959.0,3841.0,3569646.0,139155455500.0
2018-02-26,3954.0,4028.0,4047.0,3938.0,2765834.0,110636278740.0
2018-02-27,4038.0,4035.0,4040.0,3981.0,2380880.0,95573642500.0
2018-02-28,4030.0,4020.0,4034.0,4006.0,2004708.0,80575026460.0
2018-03-01,4017.0,4032.0,4062.0,4012.0,2698576.0,108938878560.0
2018-03-02,4022.0,4024.0,4029.0,3991.0,2319730.0,93014301340.0
2018-03-05,4019.0,3957.0,4028.0,3948.0,2822262.0,112339029920.0
2018-03-06,3948.0,3969.0,3987.0,3919.0,3130932.0,123800288440.0
2018-03-07,3980.0,3890.0,3985.0,3885.0,3411932.0,134409760800.0
2018-03-08,3885.0,3794.0,3893.0,3792.0,3825014.0,147398366340.0
2018-03-09,3773.0,3709.0,3805.0,3663.0,5354170.0,200162434080.0
2018-03-12,3737.0,3709.0,3751.0,3676.0,4245310.0,157904106140.0
2018-03-13,3716.0,3695.0,3739.0,3683.0,2974572.0,110438903660.0
2018-03-14,3703.0,3735.0,3755.0,3657.0,4231252.0,156852861060.0
2018-03-15,3748.0,3752.0,3769.0,3727.0,3267560.0,122484660200.0
2018-03-16,3752.0,3731.0,3758.0,3718.0,2793532.0,104417211440.0
2018-03-19,3731.0,3651.0,3735.0,3638.0,3932802.0,144533433100.0
2018-03-20,3646.0,3649.0,3667.0,3605.0,3093030.0,112509696020.0
2018-03-21,3653.0,3617.0,3685.0,3608.0,3150512.0,114891542180.0
2018-03-22,3617.0,3619.0,3655.0,3589.0,3353098.0,121508357260.0
2018-03-23,3609.0,3369.0,3609.0,3369.0,6156296.0,213050762420.0
2018-03-26,3379.0,3363.0,3415.0,3333.0,3940734.0,132577892680.0
2018-03-27,3355.0,3433.0,3474.0,3352.0,3469360.0,118439290760.0
2018-03-28,3447.0,3424.0,3470.0,3383.0,3680998.0,126310034840.0
2018-03-29,3218.0,3289.0,3295.0,3195.0,3252386.0,105657314300.0
2018-03-30,3296.0,3391.0,3393.0,3273.0,3903414.0,129716796820.0
2018-04-02,3386.0,3344.0,3480.0,3335.0,4829256.0,163301889240.0
2018-04-03,3351.0,3354.0,3393.0,3326.0,4646490.0,155979882400.0
2018-04-04,3358.0,3318.0,3379.0,3305.0,4320168.0,144435676900.0
2018-04-09,3318.0,3408.0,3415.0,3310.0,4219576.0,141882383620.0
2018-04-10,3415.0,3419.0,3448.0,3394.0,4461648.0,152586965280.0
2018-04-11,3430.0,3395.0,3467.0,3386.0,5117786.0,175124928300.0
2018-04-12,3393.0,3402.0,3438.0,3372.0,4996770.0,169758421440.0
2018-04-13,3400.0,3452.0,3473.0,3377.0,5542606.0,189712718460.0
2018-04-16,3450.0,3357.0,3462.0,3353.0,5051502.0,171929677520.0
2018-04-17,3361.0,3384.0,3437.0,3344.0,5717310.0,193799340420.0
2018-04-18,3411.0,3446.0,3496.0,3410.0,6277210.0,216423683180.0
2018-04-19,3477.0,3516.0,3529.0,3463.0,6220952.0,217299911160.0
2018-04-20,3505.0,3454.0,3510.0,3442.0,4660282.0,161960576180.0
2018-04-23,3455.0,3544.0,3555.0,3450.0,4872116.0,171033741820.0
2018-04-24,3536.0,3562.0,3589.0,3522.0,3992888.0,142317360740.0
2018-04-25,3570.0,3573.0,3594.0,3540.0,4221012.0,150680222720.0
2018-04-26,3578.0,3558.0,3613.0,3536.0,4795470.0,170966617520.0
2018-04-27,3551.0,3593.0,3600.0,3548.0,4499726.0,160856976180.0
2018-05-02,3640.0,3727.0,3729.0,3634.0,4114388.0,151322687280.0
2018-05-03,3729.0,3673.0,3733.0,3655.0,4217694.0,155883748920.0
2018-05-04,3668.0,3664.0,3688.0,3642.0,3693968.0,135332195640.0
2018-05-07,3663.0,3657.0,3690.0,3616.0,4811508.0,175826982780.0
2018-05-08,3657.0,3637.0,3672.0,3634.0,3148852.0,114991680700.0
2018-05-09,3626.0,3571.0,3630.0,3563.0,4787862.0,172219020640.0
2018-05-10,3577.0,3615.0,3618.0,3575.0,3814674.0,137071893980.0
2018-05-11,3628.0,3675.0,3686.0,3620.0,3980122.0,145299050720.0
2018-05-14,3690.0,3667.0,3695.0,3652.0,3163110.0,116175051000.0
2018-05-15,3673.0,3681.0,3715.0,3636.0,5015452.0,184450951140.0
2018-05-16,3682.0,3677.0,3705.0,3641.0,4263970.0,156660196900.0
2018-05-17,3677.0,3679.0,3688.0,3658.0,2893558.0,106310016020.0
2018-05-18,3685.0,3631.0,3705.0,3619.0,4186806.0,153053172820.0
2018-05-21,3626.0,3589.0,3651.0,3582.0,3846112.0,139027585900.0
2018-05-22,3586.0,3573.0,3614.0,3556.0,3540894.0,126845691580.0
2018-05-23,3575.0,3531.0,3579.0,3511.0,3394370.0,120219507420.0
2018-05-24,3530.0,3583.0,3590.0,3520.0,3251118.0,115355069800.0
2018-05-25,3580.0,3565.0,3615.0,3542.0,3675128.0,131733813740.0
2018-05-28,3560.0,3579.0,3626.0,3540.0,3738744.0,134014858880.0
2018-05-29,3581.0,3635.0,3650.0,3570.0,3950374.0,142658059760.0
2018-05-30,3642.0,3644.0,3667.0,3614.0,3500508.0,127514537380.0
2018-05-31,3639.0,3696.0,3697.0,3634.0,3065394.0,112532598960.0
2018-06-01,3698.0,3734.0,3778.0,3692.0,4625294.0,172942025560.0
2018-06-04,3739.0,3719.0,3767.0,3700.0,3729114.0,139191048300.0
2018-06-05,3708.0,3736.0,3743.0,3678.0,3565494.0,132134151620.0
2018-06-06,3743.0,3776.0,3784.0,3725.0,4213682.0,158059094980.0
2018-06-07,3786.0,3807.0,3869.0,3780.0,5175266.0,197680491980.0
2018-06-08,3810.0,3806.0,3828.0,3773.0,3697188.0,140560926800.0
2018-06-11,3804.0,3803.0,3815.0,3755.0,3896802.0,147553981720.0
2018-06-12,3808.0,3856.0,3859.0,3781.0,4509342.0,172426423460.0
2018-06-13,3848.0,3859.0,3897.0,3834.0,4173928.0,161239055160.0
2018-06-14,3867.0,3897.0,3904.0,3859.0,3528436.0,136985466300.0
2018-06-15,3886.0,3902.0,3910.0,3856.0,3290156.0,127754104060.0
2018-06-19,3872.0,3769.0,3874.0,3733.0,4628740.0,175772764760.0
2018-06-20,3759.0,3817.0,3825.0,3746.0,3636162.0,137773402280.0
2018-06-21,3812.0,3773.0,3843.0,3770.0,4224838.0,160886619940.0
2018-06-22,3773.0,3760.0,3788.0,3740.0,3577300.0,134642873500.0
2018-06-25,3755.0,3723.0,3783.0,3713.0,3941730.0,147471637160.0
2018-06-26,3713.0,3675.0,3717.0,3663.0,3907480.0,144132765760.0
2018-06-27,3669.0,3672.0,3713.0,3665.0,3382616.0,124783961780.0
2018-06-28,3684.0,3744.0,3769.0,3681.0,4845174.0,181102133980.0
2018-06-29,3748.0,3807.0,3816.0,3745.0,3645626.0,137946797460.0
2018-07-02,3807.0,3751.0,3809.0,3737.0,4347068.0,164204784500.0
2018-07-03,3752.0,3753.0,3775.0,3720.0,3254772.0,122003484440.0
2018-07-04,3759.0,3783.0,3816.0,3756.0,4168130.0,157723936680.0
2018-07-05,3795.0,3788.0,3816.0,3744.0,4840962.0,182719384700.0
2018-07-06,3788.0,3780.0,3807.0,3733.0,4295056.0,161951853540.0
2018-07-09,3776.0,3830.0,3832.0,3748.0,4111960.0,155877051140.0
2018-07-10,3850.0,3862.0,3881.0,3837.0,3547480.0,136984477480.0
2018-07-11,3872.0,3879.0,3900.0,3832.0,4129272.0,159820453600.0
2018-07-12,3880.0,3976.0,3990.0,3880.0,4499234.0,177163176580.0
2018-07-13,3980.0,3959.0,3995.0,3950.0,3610666.0,143492356740.0
2018-07-16,3944.0,3958.0,3983.0,3937.0,3042124.0,120522019980.0
2018-07-17,3943.0,3941.0,3956.0,3892.0,3770332.0,148056011080.0
2018-07-18,3940.0,3940.0,3963.0,3924.0,2886550.0,113748360360.0
2018-07-19,3949.0,3963.0,4014.0,3944.0,4040596.0,160978286020.0
2018-07-20,3961.0,3985.0,4003.0,3949.0,2974786.0,118385002000.0
2018-07-23,3990.0,4011.0,4024.0,3970.0,2828162.0,113051466420.0
2018-07-24,4024.0,3983.0,4033.0,3975.0,2938440.0,117613603960.0
2018-07-25,3981.0,4017.0,4029.0,3978.0,2752496.0,110226767060.0
2018-07-26,4016.0,4017.0,4020.0,3987.0,2592928.0,103787672940.0
2018-07-27,4020.0,4126.0,4129.0,4011.0,3422024.0,139226393300.0
2018-07-30,4132.0,4130.0,4146.0,4103.0,2379474.0,98143484860.0
2018-07-31,4130.0,4171.0,4184.0,4118.0,2590990.0,107699002220.0
2018-08-01,4169.0,4139.0,4243.0,4131.0,4045636.0,169433380300.0
2018-08-02,4131.0,4136.0,4148.0,4086.0,3614314.0,148946519960.0
2018-08-03,4130.0,4187.0,4199.0,4128.0,2917796.0,121631509180.0
2018-08-06,4190.0,4224.0,4233.0,4118.0,3719060.0,155175211700.0
2018-08-07,4222.0,4237.0,4266.0,4210.0,2940568.0,124650144400.0
2018-08-08,4237.0,4236.0,4278.0,4205.0,2620386.0,111124429920.0
2018-08-09,4227.0,4227.0,4250.0,4179.0,2546766.0,107377298100.0
2018-08-10,4227.0,4200.0,4268.0,4196.0,2238558.0,94744276060.0
2018-08-13,4202.0,4345.0,4347.0,4191.0,2639816.0,112965540280.0
2018-08-14,4345.0,4327.0,4370.0,4306.0,1757406.0,76298797360.0
2018-08-15,4330.0,4345.0,4366.0,4326.0,1400662.0,60857215080.0
2018-08-16,4346.0,4329.0,4356.0,4294.0,1683058.0,72781686240.0
2018-08-17,4332.0,4473.0,4478.0,4330.0,1470728.0,64615139240.0
2018-08-20,4282.0,4396.0,4413.0,4282.0,4328850.0,188131707440.0
2018-08-21,4392.0,4337.0,4409.0,4326.0,3534458.0,154459076440.0
2018-08-22,4337.0,4334.0,4418.0,4303.0,4310074.0,187763458720.0
2018-08-23,4333.0,4280.0,4355.0,4266.0,4767190.0,205625245640.0
2018-08-24,4276.0,4334.0,4345.0,4258.0,3696756.0,158761179140.0
2018-08-27,4332.0,4204.0,4341.0,4196.0,4643518.0,197906321820.0
2018-08-28,4205.0,4232.0,4250.0,4190.0,3145864.0,132847400100.0
2018-08-29,4237.0,4160.0,4278.0,4157.0,5263276.0,222324343920.0
2018-08-30,4167.0,4118.0,4171.0,4086.0,4888776.0,201962500440.0
2018-08-31,4103.0,4086.0,4142.0,4057.0,4243894.0,173847648860.0
2018-09-03,4080.0,4087.0,4118.0,4050.0,4134884.0,168992165720.0
2018-09-04,4094.0,4115.0,4136.0,4071.0,3616870.0,148584588620.0
2018-09-05,4115.0,4093.0,4127.0,4050.0,4716548.0,192796214000.0
2018-09-06,4101.0,4148.0,4150.0,4092.0,4090468.0,168659147600.0
2018-09-07,4158.0,4186.0,4253.0,4158.0,5354312.0,225440984160.0
2018-09-10,4185.0,4284.0,4299.0,4184.0,3588066.0,152670568100.0
2018-09-11,4270.0,4071.0,4270.0,4063.0,6134596.0,255384918500.0
2018-09-12,4099.0,4050.0,4143.0,3993.0,6212102.0,252321667540.0
2018-09-13,4034.0,4071.0,4087.0,4015.0,4379138.0,177510512760.0
2018-09-14,4068.0,4090.0,4111.0,4041.0,3869536.0,157703578640.0
2018-09-17,4096.0,4100.0,4156.0,4080.0,3901374.0,160367926300.0
2018-09-18,4100.0,4166.0,4167.0,4092.0,4203390.0,173682848700.0
2018-09-19,4180.0,4144.0,4205.0,4136.0,3855532.0,160955332420.0
2018-09-20,4153.0,4124.0,4177.0,4111.0,3812118.0,157967432800.0
2018-09-21,4116.0,4149.0,4162.0,4106.0,3436274.0,142151982600.0
2018-09-25,4150.0,4060.0,4156.0,4052.0,2773148.0,113443321480.0
2018-09-26,4065.0,4064.0,4078.0,4027.0,3018816.0,122440074040.0
2018-09-27,4078.0,4008.0,4094.0,3998.0,3160196.0,128115114900.0
2018-09-28,3996.0,3944.0,3998.0,3907.0,3912616.0,154266853260.0
2018-10-08,3947.0,3971.0,3985.0,3904.0,2699558.0,106398373780.0
2018-10-09,3979.0,4039.0,4047.0,3970.0,3698170.0,148374370140.0
2018-10-10,4043.0,4055.0,4080.0,4001.0,3951602.0,159778880460.0
2018-10-11,4045.0,4056.0,4074.0,3958.0,5136838.0,206649923780.0
2018-10-12,4068.0,4106.0,4134.0,4041.0,4182412.0,170893148360.0
2018-10-15,4108.0,4150.0,4166.0,4093.0,3941918.0,162847616420.0
2018-10-16,4160.0,4117.0,4167.0,4105.0,3358584.0,138957832860.0
2018-10-17,4117.0,4197.0,4198.0,4105.0,3881130.0,161326037460.0
2018-10-18,4205.0,4108.0,4220.0,4091.0,4968536.0,206357013040.0
2018-10-19,4099.0,4055.0,4126.0,4054.0,4439472.0,181746237660.0
2018-10-22,4055.0,4154.0,4187.0,4055.0,4235816.0,175137764240.0
2018-10-23,4156.0,4142.0,4175.0,4134.0,3055276.0,126941293900.0
2018-10-24,4128.0,4190.0,4193.0,4112.0,3393780.0,141098457700.0
2018-10-25,4194.0,4192.0,4209.0,4142.0,4302452.0,179854103260.0
2018-10-26,4184.0,4228.0,4244.0,4180.0,3752190.0,158311206120.0
2018-10-29,4230.0,4150.0,4242.0,4144.0,4177040.0,175088590420.0
2018-10-30,4159.0,4172.0,4206.0,4154.0,2901806.0,121291652840.0
2018-10-31,4170.0,4127.0,4178.0,4113.0,3983882.0,164755062220.0
2018-11-01,4135.0,4057.0,4152.0,4029.0,4206148.0,172445806540.0
2018-11-02,4050.0,4064.0,4077.0,4020.0,3640402.0,147452304400.0
2018-11-05,4065.0,4072.0,4076.0,4002.0,3817108.0,154131083820.0
2018-11-06,4057.0,3962.0,4068.0,3953.0,4554070.0,182055784480.0
2018-11-07,3956.0,3930.0,3968.0,3914.0,3095060.0,121924172600.0
2018-11-08,3941.0,3986.0,3995.0,3878.0,5310176.0,209271512440.0
2018-11-09,3982.0,3933.0,4003.0,3932.0,3303614.0,131071520000.0
2018-11-12,3922.0,3848.0,3925.0,3818.0,4423494.0,171151451820.0
2018-11-13,3850.0,3868.0,3895.0,3835.0,2748118.0,106274885580.0
2018-11-14,3850.0,3937.0,3940.0,3846.0,3484892.0,135814133740.0
2018-11-15,3941.0,3889.0,3946.0,3859.0,3577710.0,139592472820.0
2018-11-16,3889.0,3884.0,3952.0,3869.0,3810154.0,149026402520.0
2018-11-19,3870.0,3838.0,3885.0,3813.0,3736222.0,143921377800.0
2018-11-20,3833.0,3742.0,3859.0,3735.0,3398790.0,129171357100.0
2018-11-21,3728.0,3724.0,3735.0,3586.0,5104664.0,187980009540.0
2018-11-22,3723.0,3729.0,3746.0,3690.0,3139544.0,116799643120.0
2018-11-23,3730.0,3623.0,3750.0,3620.0,3998282.0,147687408960.0
2018-11-26,3600.0,3553.0,3658.0,3496.0,5335938.0,191372318740.0
2018-11-27,3545.0,3579.0,3672.0,3540.0,4069624.0,146063145420.0
2018-11-28,3560.0,3644.0,3668.0,3557.0,3457788.0,124874674280.0
2018-11-29,3293.0,3307.0,3352.0,3279.0,2044818.0,67756072180.0
2018-11-30,3306.0,3256.0,3327.0,3210.0,2949790.0,96443469780.0
2018-12-03,3250.0,3333.0,3495.0,3208.0,5092070.0,169612315440.0
2018-12-04,3306.0,3374.0,3388.0,3283.0,4807696.0,160026174220.0
2018-12-05,3389.0,3463.0,3466.0,3362.0,5400890.0,184096394220.0
2018-12-06,3470.0,3375.0,3473.0,3371.0,4500922.0,153598981600.0
2018-12-07,3360.0,3397.0,3426.0,3334.0,5127774.0,172924301860.0
2018-12-10,3388.0,3312.0,3398.0,3303.0,4741366.0,158457538300.0
2018-12-11,3306.0,3327.0,3341.0,3284.0,3595984.0,118910888340.0
2018-12-12,3340.0,3317.0,3379.0,3317.0,4194776.0,140487807740.0
2018-12-13,3325.0,3419.0,3431.0,3321.0,5327258.0,180573709340.0
2018-12-14,3416.0,3445.0,3450.0,3405.0,4124206.0,141345407240.0
2018-12-17,3448.0,3435.0,3470.0,3414.0,3915682.0,134598598560.0
2018-12-18,3430.0,3435.0,3443.0,3391.0,3671214.0,125512283020.0
2018-12-19,3432.0,3425.0,3450.0,3411.0,3871012.0,132818172280.0
2018-12-20,3433.0,3481.0,3492.0,3427.0,4306708.0,148808854960.0
2018-12-21,3500.0,3508.0,3535.0,3471.0,4313258.0,151107254280.0
2018-12-24,3515.0,3451.0,3516.0,3435.0,3542690.0,122759798060.0
2018-12-25,3442.0,3398.0,3448.0,3357.0,4333400.0,147382175700.0
2018-12-26,3393.0,3409.0,3430.0,3387.0,3285056.0,111987756720.0
2018-12-27,3418.0,3396.0,3471.0,3395.0,4172568.0,142809936860.0
2018-12-28,3387.0,3404.0,3420.0,3382.0,2915936.0,99161027580.0
2019-01-02,3398.0,3382.0,3439.0,3371.0,2149936.0,72865105880.0
2019-01-03,3378.0,3455.0,3456.0,3366.0,3719028.0,127195878160.0
2019-01-04,3460.0,3486.0,3493.0,3430.0,3323322.0,114959455120.0
2019-01-07,3490.0,3520.0,3526.0,3466.0,3053042.0,106821813900.0
2019-01-08,3521.0,3505.0,3523.0,3483.0,2740906.0,96029769880.0
2019-01-09,3505.0,3507.0,3550.0,3494.0,3378598.0,119084462920.0
2019-01-10,3512.0,3514.0,3543.0,3502.0,3134668.0,110470613240.0
2019-01-11,3517.0,3539.0,3540.0,3492.0,3440962.0,121077196840.0
2019-01-14,3535.0,3575.0,3576.0,3520.0,2624250.0,93245873020.0
2019-01-15,3576.0,3519.0,3576.0,3508.0,3128980.0,110578451980.0
2019-01-16,3519.0,3534.0,3545.0,3510.0,2632026.0,92825528860.0
2019-01-17,3529.0,3551.0,3565.0,3525.0,2258818.0,80214384000.0
2019-01-18,3552.0,3633.0,3636.0,3540.0,3599670.0,129473910600.0
2019-01-21,3636.0,3645.0,3675.0,3619.0,3526340.0,128579534660.0
2019-01-22,3650.0,3633.0,3700.0,3630.0,3970252.0,145565759480.0
2019-01-23,3639.0,3644.0,3658.0,3625.0,2631994.0,95886019460.0
2019-01-24,3647.0,3680.0,3684.0,3639.0,3200450.0,117167902000.0
2019-01-25,3684.0,3710.0,3740.0,3675.0,3099552.0,115085187480.0
2019-01-28,3712.0,3681.0,3757.0,3680.0,3337710.0,123869908880.0
2019-01-29,3680.0,3675.0,3694.0,3653.0,2508228.0,92127794600.0
2019-01-30,3683.0,3677.0,3767.0,3667.0,4490378.0,167123627460.0
2019-01-31,3682.0,3707.0,3718.0,3673.0,2724362.0,100695284960.0
2019-02-01,3696.0,3754.0,3770.0,3696.0,2506846.0,93649887820.0
2019-02-11,3850.0,3825.0,3908.0,3816.0,3480360.0,134230854020.0
2019-02-12,3818.0,3785.0,3830.0,3771.0,3109428.0,118050731780.0
2019-02-13,3780.0,3702.0,3796.0,3692.0,3814494.0,142599081280.0
2019-02-14,3711.0,3684.0,3717.0,3668.0,3266348.0,120529357340.0
2019-02-15,3680.0,3599.0,3696.0,3593.0,3916316.0,142363531060.0
2019-02-18,3615.0,3659.0,3675.0,3611.0,3532344.0,128782827400.0
2019-02-19,3670.0,3655.0,3698.0,3647.0,2760590.0,101399407320.0
2019-02-20,3650.0,3641.0,3669.0,3578.0,3918544.0,141814966740.0
2019-02-21,3640.0,3677.0,3695.0,3635.0,3928972.0,144293760300.0
2019-02-22,3669.0,3731.0,3735.0,3663.0,3278144.0,121595788940.0
2019-02-25,3736.0,3682.0,3766.0,3681.0,3659076.0,136305931120.0
2019-02-26,3677.0,3736.0,3745.0,3672.0,3998202.0,148291393100.0
2019-02-27,3737.0,3715.0,3750.0,3697.0,2948082.0,109897919160.0
2019-02-28,3728.0,3750.0,3755.0,3705.0,3461158.0,129205604620.0
2019-03-01,3756.0,3815.0,3816.0,3751.0,2986416.0,112798370840.0
2019-03-04,3815.0,3811.0,3849.0,3787.0,3828874.0,146307308200.0
2019-03-05,3822.0,3793.0,3825.0,3755.0,3598118.0,136090765520.0
2019-03-06,3790.0,3737.0,3810.0,3736.0,3759206.0,142057506880.0
2019-03-07,3748.0,3821.0,3837.0,3734.0,3902978.0,147330137300.0
2019-03-08,3821.0,3772.0,3824.0,3756.0,3712328.0,140465198920.0
2019-03-11,3710.0,3723.0,3754.0,3680.0,3387246.0,126261483540.0
2019-03-12,3729.0,3815.0,3820.0,3728.0,3437206.0,129986895020.0
2019-03-13,3825.0,3790.0,3842.0,3784.0,2998788.0,114490725360.0
2019-03-14,3772.0,3795.0,3829.0,3762.0,3586828.0,136103719260.0
2019-03-15,3796.0,3763.0,3805.0,3737.0,3715090.0,139899166440.0
2019-03-18,3758.0,3781.0,3804.0,3754.0,3280758.0,123899982140.0
2019-03-19,3785.0,3788.0,3821.0,3772.0,2832806.0,107503122340.0
2019-03-20,3800.0,3777.0,3814.0,3753.0,3165340.0,119740888280.0
2019-03-21,3780.0,3772.0,3826.0,3770.0,3234998.0,122849472540.0
2019-03-22,3765.0,3768.0,3779.0,3742.0,2882038.0,108411405620.0
2019-03-25,3763.0,3692.0,3772.0,3692.0,3005274.0,112143192940.0
2019-03-26,3699.0,3705.0,3718.0,3682.0,2088568.0,77282864100.0
2019-03-27,3707.0,3711.0,3720.0,3696.0,1875650.0,69573435420.0
2019-03-28,3709.0,3690.0,3734.0,3676.0,2985056.0,110587971620.0
2019-03-29,3690.0,3758.0,3774.0,3673.0,2608262.0,97235079760.0
2019-04-01,3760.0,3806.0,3811.0,3740.0,1642552.0,62040158940.0
2019-04-02,3492.0,3560.0,3575.0,3480.0,2201022.0,77708938740.0
2019-04-03,3560.0,3587.0,3596.0,3546.0,2869880.0,102550909520.0
2019-04-04,3590.0,3594.0,3606.0,3561.0,2370430.0,84930926500.0
2019-04-08,3614.0,3730.0,3755.0,3613.0,3569164.0,131624547780.0
2019-04-09,3735.0,3757.0,3795.0,3728.0,3938120.0,148029983000.0
2019-04-10,3760.0,3774.0,3776.0,3735.0,3013560.0,113148694320.0
2019-04-11,3776.0,3808.0,3814.0,3744.0,3456604.0,130419022840.0
2019-04-12,3810.0,3794.0,3829.0,3734.0,5184656.0,195873342040.0
2019-04-15,3820.0,3829.0,3843.0,3795.0,3998834.0,152833223800.0
2019-04-16,3832.0,3780.0,3832.0,3773.0,3633830.0,138173257040.0
2019-04-17,3779.0,3795.0,3804.0,3757.0,3439502.0,130058722160.0
2019-04-18,3789.0,3710.0,3789.0,3706.0,4231128.0,158242364200.0
2019-04-19,3699.0,3738.0,3746.0,3682.0,3494514.0,129767706600.0
2019-04-22,3744.0,3773.0,3819.0,3739.0,5132926.0,194224934380.0
2019-04-23,3776.0,3757.0,3794.0,3755.0,2870758.0,108447096740.0
2019-04-24,3750.0,3730.0,3751.0,3718.0,3503086.0,130778415940.0
2019-04-25,3727.0,3712.0,3780.0,3712.0,3779994.0,141550292820.0
2019-04-26,3712.0,3739.0,3755.0,3712.0,3571488.0,133358795420.0
2019-04-29,3743.0,3777.0,3779.0,3735.0,3044622.0,114477801240.0
2019-04-30,3783.0,3828.0,3833.0,3783.0,3395294.0,129410465080.0
2019-05-06,3760.0,3756.0,3783.0,3725.0,3040168.0,114262471360.0
2019-05-07,3756.0,3767.0,3814.0,3753.0,3462070.0,131052168100.0
2019-05-08,3757.0,3731.0,3764.0,3721.0,3487160.0,130514832840.0
2019-05-09,3721.0,3737.0,3744.0,3705.0,3494278.0,130208717880.0
2019-05-10,3711.0,3746.0,3753.0,3711.0,3159902.0,118060901340.0
2019-05-13,3747.0,3691.0,3760.0,3690.0,3440910.0,128066997860.0
2019-05-14,3680.0,3663.0,3699.0,3655.0,3403408.0,125001709160.0
2019-05-15,3659.0,3704.0,3709.0,3650.0,2608568.0,95906852180.0
2019-05-16,3701.0,3742.0,3749.0,3694.0,3511080.0,130726287300.0
2019-05-17,3750.0,3771.0,3794.0,3746.0,3847274.0,145143932500.0
2019-05-20,3770.0,3780.0,3792.0,3760.0,2752426.0,103918626360.0
2019-05-21,3780.0,3919.0,3920.0,3777.0,5032032.0,193496395500.0
2019-05-22,3913.0,3910.0,3947.0,3867.0,4462532.0,174298391640.0
2019-05-23,3910.0,3881.0,3928.0,3879.0,3174604.0,123791868500.0
2019-05-24,3879.0,3889.0,3894.0,3826.0,3750018.0,144887539920.0
2019-05-27,3893.0,3842.0,3926.0,3835.0,4421734.0,171389630040.0
2019-05-28,3835.0,3845.0,3870.0,3815.0,3220108.0,123795431020.0
2019-05-29,3835.0,3825.0,3839.0,3796.0,3088050.0,117924332380.0
2019-05-30,3820.0,3777.0,3835.0,3773.0,3228754.0,122904087480.0
2019-05-31,3775.0,3750.0,3789.0,3744.0,2731698.0,102959668300.0
2019-06-03,3740.0,3707.0,3763.0,3699.0,3063850.0,114415068460.0
2019-06-04,3716.0,3745.0,3747.0,3691.0,2491734.0,92718207520.0
2019-06-05,3752.0,3747.0,3758.0,3726.0,2188406.0,81929669220.0
2019-06-06,3741.0,3737.0,3746.0,3670.0,3975684.0,147618992240.0
2019-06-10,3716.0,3717.0,3733.0,3680.0,2194802.0,81285080040.0
2019-06-11,3718.0,3833.0,3834.0,3712.0,5000976.0,189212197300.0
2019-06-12,3836.0,3776.0,3844.0,3772.0,3388264.0,128950339120.0
2019-06-13,3768.0,3792.0,3800.0,3744.0,3502002.0,132172000600.0
2019-06-14,3800.0,3755.0,3813.0,3753.0,3102382.0,117443931960.0
2019-06-17,3750.0,3704.0,3754.0,3700.0,2968142.0,110501051880.0
2019-06-18,3700.0,3732.0,3737.0,3683.0,2623144.0,97335659660.0
2019-06-19,3740.0,3770.0,3797.0,3723.0,3824738.0,143892188660.0
2019-06-20,3750.0,3825.0,3836.0,3740.0,3770756.0,143301789140.0
2019-06-21,3825.0,3859.0,3860.0,3795.0,3584776.0,136800153640.0
2019-06-24,3857.0,3904.0,3966.0,3835.0,4860118.0,189963402660.0
2019-06-25,3920.0,3994.0,3999.0,3915.0,4513402.0,178948550880.0
2019-06-26,3995.0,3998.0,4013.0,3966.0,3289568.0,131121859580.0
2019-06-27,4008.0,4001.0,4095.0,3987.0,4993954.0,201555237900.0
2019-06-28,4004.0,4065.0,4071.0,4002.0,3424928.0,138519456040.0
2019-07-01,4070.0,4107.0,4148.0,4061.0,4059936.0,166792746020.0
2019-07-02,4102.0,4053.0,4117.0,4023.0,3581188.0,145523833460.0
2019-07-03,4045.0,4030.0,4098.0,4001.0,3491260.0,141131389900.0
2019-07-04,4027.0,4024.0,4077.0,3996.0,4181700.0,168684890460.0
2019-07-05,4020.0,3984.0,4057.0,3967.0,3849040.0,154509270640.0
2019-07-08,3980.0,3992.0,4025.0,3976.0,3352870.0,134193806460.0
2019-07-09,3990.0,4042.0,4085.0,3989.0,3664226.0,148344648020.0
2019-07-10,4040.0,4021.0,4052.0,4004.0,2566004.0,103284903180.0
2019-07-11,4020.0,4017.0,4046.0,3974.0,3807582.0,152489366900.0
2019-07-12,4020.0,3965.0,4030.0,3958.0,2871884.0,114657913960.0
2019-07-15,3957.0,4030.0,4031.0,3921.0,3686056.0,146134046260.0
2019-07-16,4029.0,4037.0,4064.0,4019.0,2872668.0,116034336540.0
2019-07-17,4026.0,4052.0,4068.0,4009.0,2876118.0,116067404820.0
2019-07-18,4038.0,3968.0,4050.0,3966.0,2683150.0,107726436480.0
2019-07-19,3958.0,4001.0,4006.0,3942.0,2808834.0,111510721300.0
2019-07-22,3999.0,3948.0,4007.0,3930.0,3875196.0,153583967300.0
2019-07-23,3943.0,3941.0,3980.0,3924.0,2641954.0,104336188520.0
2019-07-24,3930.0,3899.0,3930.0,3878.0,3165788.0,123522096620.0
2019-07-25,3890.0,3940.0,3948.0,3885.0,3037812.0,119049198220.0
2019-07-26,3950.0,3940.0,3974.0,3926.0,2743862.0,108391104800.0
2019-07-29,3930.0,3877.0,3945.0,3875.0,2575014.0,100618221160.0
2019-07-30,3880.0,3886.0,3925.0,3866.0,2803966.0,109224838960.0
2019-07-31,3871.0,3891.0,3932.0,3867.0,2938908.0,114831974860.0
